pair_id,pair,position,split,n_scenarios,n_trials,direction,metric,point,lo,hi,ci_method,constant_values,degenerate_bootstrap,p_two_sided,replicates,simultaneous_lo,simultaneous_hi,simultaneous_ci_method,increasing_violation_p,decreasing_violation_p,trend_description
1,severe_user_harm,first,sampled,101,202,pain,step_low,0.9306930693069307,0.8861386138613861,0.9702970297029703,percentile_bootstrap,False,False,9.999000099990002e-05,10000,0.8465346534653466,1.0,max_absolute_error_bootstrap,9.999000099990002e-05,9.999000099990002e-05,Evidence of violations of both increasing and decreasing order (dose reversal).
1,severe_user_harm,first,sampled,101,202,pain,step_high,-0.5495049504950495,-0.6336633663366337,-0.46534653465346537,percentile_bootstrap,False,False,9.999000099990002e-05,10000,-0.6336633663366338,-0.46534653465346537,max_absolute_error_bootstrap,9.999000099990002e-05,9.999000099990002e-05,Evidence of violations of both increasing and decreasing order (dose reversal).
1,severe_user_harm,first,sampled,101,202,pain,slope,0.3811881188118812,0.30198019801980197,0.4555693069306913,percentile_bootstrap,False,False,9.999000099990002e-05,10000,,,,9.999000099990002e-05,9.999000099990002e-05,Evidence of violations of both increasing and decreasing order (dose reversal).
1,severe_user_harm,first,sampled,101,202,pain,curvature,-1.4801980198019802,-1.5841584158415842,-1.3663366336633664,percentile_bootstrap,False,False,9.999000099990002e-05,10000,,,,9.999000099990002e-05,9.999000099990002e-05,Evidence of violations of both increasing and decreasing order (dose reversal).
1,severe_user_harm,first,sampled,101,202,sadness,step_low,0.8762376237623762,0.8267326732673267,0.9257425742574258,percentile_bootstrap,False,False,9.999000099990002e-05,10000,0.8217821782178217,0.9306930693069307,max_absolute_error_bootstrap,1.0,9.999000099990002e-05,Decreasing-order violation detected; increasing order is not established.
1,severe_user_harm,first,sampled,101,202,sadness,step_high,0.06930693069306931,0.019801980198019802,0.12376237623762376,percentile_bootstrap,False,False,0.0096990300969903,10000,0.01485148514851481,0.12376237623762382,max_absolute_error_bootstrap,1.0,9.999000099990002e-05,Decreasing-order violation detected; increasing order is not established.
1,severe_user_harm,first,sampled,101,202,sadness,slope,0.9455445544554455,0.9108910891089109,0.9752475247524752,percentile_bootstrap,False,False,9.999000099990002e-05,10000,,,,1.0,9.999000099990002e-05,Decreasing-order violation detected; increasing order is not established.
1,severe_user_harm,first,sampled,101,202,sadness,curvature,-0.806930693069307,-0.8960396039603961,-0.7079207920792079,percentile_bootstrap,False,False,9.999000099990002e-05,10000,,,,1.0,9.999000099990002e-05,Decreasing-order violation detected; increasing order is not established.
1,severe_user_harm,first,sampled,101,202,fear,step_low,0.04455445544554455,0.01485148514851485,0.07920792079207921,percentile_bootstrap,False,False,0.0143985601439856,10000,-0.01980198019801975,0.10891089108910885,max_absolute_error_bootstrap,1.0,9.999000099990002e-05,Decreasing-order violation detected; increasing order is not established.
1,severe_user_harm,first,sampled,101,202,fear,step_high,0.806930693069307,0.7425742574257426,0.8663366336633663,percentile_bootstrap,False,False,9.999000099990002e-05,10000,0.7425742574257427,0.8712871287128713,max_absolute_error_bootstrap,1.0,9.999000099990002e-05,Decreasing-order violation detected; increasing order is not established.
1,severe_user_harm,first,sampled,101,202,fear,slope,0.8514851485148515,0.7970297029702971,0.900990099009901,percentile_bootstrap,False,False,9.999000099990002e-05,10000,,,,1.0,9.999000099990002e-05,Decreasing-order violation detected; increasing order is not established.
1,severe_user_harm,first,sampled,101,202,fear,curvature,0.7623762376237624,0.6732673267326733,0.8465346534653465,percentile_bootstrap,False,False,9.999000099990002e-05,10000,,,,1.0,9.999000099990002e-05,Decreasing-order violation detected; increasing order is not established.
1,severe_user_harm,first,sampled,101,202,random,step_low,0.16831683168316833,0.10396039603960396,0.2376237623762376,percentile_bootstrap,False,False,0.00019998000199980003,10000,0.06435643564356433,0.2722772277227723,max_absolute_error_bootstrap,1.0,9.999000099990002e-05,Decreasing-order violation detected; increasing order is not established.
1,severe_user_harm,first,sampled,101,202,random,step_high,0.3415841584158416,0.2376237623762376,0.44554455445544555,percentile_bootstrap,False,False,9.999000099990002e-05,10000,0.2376237623762376,0.4455445544554456,max_absolute_error_bootstrap,1.0,9.999000099990002e-05,Decreasing-order violation detected; increasing order is not established.
1,severe_user_harm,first,sampled,101,202,random,slope,0.5099009900990099,0.42574257425742573,0.594059405940594,percentile_bootstrap,False,False,9.999000099990002e-05,10000,,,,1.0,9.999000099990002e-05,Decreasing-order violation detected; increasing order is not established.
1,severe_user_harm,first,sampled,101,202,random,curvature,0.17326732673267325,0.01485148514851485,0.3217821782178218,percentile_bootstrap,False,False,0.027897210278972105,10000,,,,1.0,9.999000099990002e-05,Decreasing-order violation detected; increasing order is not established.
1,severe_user_harm,second,sampled,101,202,pain,step_low,0.5544554455445545,0.4752475247524752,0.6336633663366337,percentile_bootstrap,False,False,9.999000099990002e-05,10000,0.46039603960396047,0.6485148514851485,max_absolute_error_bootstrap,1.0,9.999000099990002e-05,Decreasing-order violation detected; increasing order is not established.
1,severe_user_harm,second,sampled,101,202,pain,step_high,0.14356435643564355,0.054455445544554455,0.23267326732673269,percentile_bootstrap,False,False,0.0018998100189981002,10000,0.04950495049504949,0.2376237623762376,max_absolute_error_bootstrap,1.0,9.999000099990002e-05,Decreasing-order violation detected; increasing order is not established.
1,severe_user_harm,second,sampled,101,202,pain,slope,0.698019801980198,0.6287128712871287,0.7673267326732673,percentile_bootstrap,False,False,9.999000099990002e-05,10000,,,,1.0,9.999000099990002e-05,Decreasing-order violation detected; increasing order is not established.
1,severe_user_harm,second,sampled,101,202,pain,curvature,-0.41089108910891087,-0.5643564356435643,-0.25742574257425743,percentile_bootstrap,False,False,9.999000099990002e-05,10000,,,,1.0,9.999000099990002e-05,Decreasing-order violation detected; increasing order is not established.
1,severe_user_harm,second,sampled,101,202,sadness,step_low,0.2871287128712871,0.21782178217821782,0.3564356435643564,percentile_bootstrap,False,False,9.999000099990002e-05,10000,0.20792079207920788,0.36633663366336633,max_absolute_error_bootstrap,0.09759024097590241,9.999000099990002e-05,Decreasing-order violation detected; increasing order is not established.
1,severe_user_harm,second,sampled,101,202,sadness,step_high,-0.0594059405940594,-0.13366336633663367,0.009900990099009901,percentile_bootstrap,False,False,0.12118788121187882,10000,-0.13861386138613863,0.019801980198019806,max_absolute_error_bootstrap,0.09759024097590241,9.999000099990002e-05,Decreasing-order violation detected; increasing order is not established.
1,severe_user_harm,second,sampled,101,202,sadness,slope,0.22772277227722773,0.16831683168316833,0.2871287128712871,percentile_bootstrap,False,False,9.999000099990002e-05,10000,,,,0.09759024097590241,9.999000099990002e-05,Decreasing-order violation detected; increasing order is not established.
1,severe_user_harm,second,sampled,101,202,sadness,curvature,-0.3465346534653465,-0.4752475247524752,-0.22277227722772278,percentile_bootstrap,False,False,9.999000099990002e-05,10000,,,,0.09759024097590241,9.999000099990002e-05,Decreasing-order violation detected; increasing order is not established.
1,severe_user_harm,second,sampled,101,202,fear,step_low,0.01485148514851485,0.0,0.034653465346534656,percentile_bootstrap,False,False,0.1304869513048695,10000,-0.04455445544554458,0.07425742574257428,max_absolute_error_bootstrap,1.0,9.999000099990002e-05,Decreasing-order violation detected; increasing order is not established.
1,severe_user_harm,second,sampled,101,202,fear,step_high,0.17326732673267325,0.11386138613861387,0.2376237623762376,percentile_bootstrap,False,False,9.999000099990002e-05,10000,0.11386138613861382,0.23267326732673269,max_absolute_error_bootstrap,1.0,9.999000099990002e-05,Decreasing-order violation detected; increasing order is not established.
1,severe_user_harm,second,sampled,101,202,fear,slope,0.18811881188118812,0.12871287128712872,0.2524752475247525,percentile_bootstrap,False,False,9.999000099990002e-05,10000,,,,1.0,9.999000099990002e-05,Decreasing-order violation detected; increasing order is not established.
1,severe_user_harm,second,sampled,101,202,fear,curvature,0.15841584158415842,0.09405940594059406,0.22772277227722773,percentile_bootstrap,False,False,0.00019998000199980003,10000,,,,1.0,9.999000099990002e-05,Decreasing-order violation detected; increasing order is not established.
1,severe_user_harm,second,sampled,101,202,random,step_low,0.06930693069306931,0.019801980198019802,0.12376237623762376,percentile_bootstrap,False,False,0.0131986801319868,10000,-0.014851485148514837,0.15346534653465346,max_absolute_error_bootstrap,1.0,0.00039996000399960006,Decreasing-order violation detected; increasing order is not established.
1,severe_user_harm,second,sampled,101,202,random,step_high,0.15346534653465346,0.06930693069306931,0.2376237623762376,percentile_bootstrap,False,False,0.0006999300069993001,10000,0.06930693069306931,0.2376237623762376,max_absolute_error_bootstrap,1.0,0.00039996000399960006,Decreasing-order violation detected; increasing order is not established.
1,severe_user_harm,second,sampled,101,202,random,slope,0.22277227722772278,0.1485148514851485,0.297029702970297,percentile_bootstrap,False,False,9.999000099990002e-05,10000,,,,1.0,0.00039996000399960006,Decreasing-order violation detected; increasing order is not established.
1,severe_user_harm,second,sampled,101,202,random,curvature,0.08415841584158416,-0.039603960396039604,0.19801980198019803,percentile_bootstrap,False,False,0.17368263173682633,10000,,,,1.0,0.00039996000399960006,Decreasing-order violation detected; increasing order is not established.
1,severe_user_harm,pooled,sampled,101,404,pain,step_low,0.7425742574257426,0.693069306930693,0.7896039603960396,percentile_bootstrap,False,False,9.999000099990002e-05,10000,0.6757425742574257,0.8094059405940595,max_absolute_error_bootstrap,9.999000099990002e-05,9.999000099990002e-05,Evidence of violations of both increasing and decreasing order (dose reversal).
1,severe_user_harm,pooled,sampled,101,404,pain,step_high,-0.20297029702970298,-0.2698019801980198,-0.13366336633663367,percentile_bootstrap,False,False,9.999000099990002e-05,10000,-0.2698019801980199,-0.1361386138613861,max_absolute_error_bootstrap,9.999000099990002e-05,9.999000099990002e-05,Evidence of violations of both increasing and decreasing order (dose reversal).
1,severe_user_harm,pooled,sampled,101,404,pain,slope,0.5396039603960396,0.4900990099009901,0.5891089108910891,percentile_bootstrap,False,False,9.999000099990002e-05,10000,,,,9.999000099990002e-05,9.999000099990002e-05,Evidence of violations of both increasing and decreasing order (dose reversal).
1,severe_user_harm,pooled,sampled,101,404,pain,curvature,-0.9455445544554455,-1.0495049504950495,-0.8391089108910891,percentile_bootstrap,False,False,9.999000099990002e-05,10000,,,,9.999000099990002e-05,9.999000099990002e-05,Evidence of violations of both increasing and decreasing order (dose reversal).
1,severe_user_harm,pooled,sampled,101,404,sadness,step_low,0.5816831683168316,0.5371287128712872,0.6262376237623762,percentile_bootstrap,False,False,9.999000099990002e-05,10000,0.5321782178217821,0.6311881188118812,max_absolute_error_bootstrap,1.0,9.999000099990002e-05,Decreasing-order violation detected; increasing order is not established.
1,severe_user_harm,pooled,sampled,101,404,sadness,step_high,0.0049504950495049506,-0.04207920792079208,0.04950495049504951,percentile_bootstrap,False,False,0.8715128487151285,10000,-0.0445544554455446,0.0544554455445545,max_absolute_error_bootstrap,1.0,9.999000099990002e-05,Decreasing-order violation detected; increasing order is not established.
1,severe_user_harm,pooled,sampled,101,404,sadness,slope,0.5866336633663366,0.5495049504950495,0.6237623762376238,percentile_bootstrap,False,False,9.999000099990002e-05,10000,,,,1.0,9.999000099990002e-05,Decreasing-order violation detected; increasing order is not established.
1,severe_user_harm,pooled,sampled,101,404,sadness,curvature,-0.5767326732673267,-0.6584158415841584,-0.49257425742574257,percentile_bootstrap,False,False,9.999000099990002e-05,10000,,,,1.0,9.999000099990002e-05,Decreasing-order violation detected; increasing order is not established.
1,severe_user_harm,pooled,sampled,101,404,fear,step_low,0.0297029702970297,0.012376237623762377,0.05198019801980198,percentile_bootstrap,False,False,0.008799120087991202,10000,-0.014851485148514892,0.0742574257425743,max_absolute_error_bootstrap,1.0,9.999000099990002e-05,Decreasing-order violation detected; increasing order is not established.
1,severe_user_harm,pooled,sampled,101,404,fear,step_high,0.4900990099009901,0.44554455445544555,0.5346534653465347,percentile_bootstrap,False,False,9.999000099990002e-05,10000,0.4455445544554455,0.5346534653465347,max_absolute_error_bootstrap,1.0,9.999000099990002e-05,Decreasing-order violation detected; increasing order is not established.
1,severe_user_harm,pooled,sampled,101,404,fear,slope,0.5198019801980198,0.4777227722772277,0.5643564356435643,percentile_bootstrap,False,False,9.999000099990002e-05,10000,,,,1.0,9.999000099990002e-05,Decreasing-order violation detected; increasing order is not established.
1,severe_user_harm,pooled,sampled,101,404,fear,curvature,0.4603960396039604,0.4034653465346535,0.5148514851485149,percentile_bootstrap,False,False,9.999000099990002e-05,10000,,,,1.0,9.999000099990002e-05,Decreasing-order violation detected; increasing order is not established.
1,severe_user_harm,pooled,sampled,101,404,random,step_low,0.1188118811881188,0.07178217821782178,0.1707920792079208,percentile_bootstrap,False,False,0.00029997000299970003,10000,0.047029702970297016,0.1905940594059406,max_absolute_error_bootstrap,1.0,9.999000099990002e-05,Decreasing-order violation detected; increasing order is not established.
1,severe_user_harm,pooled,sampled,101,404,random,step_high,0.24752475247524752,0.17574257425742573,0.31435643564356436,percentile_bootstrap,False,False,9.999000099990002e-05,10000,0.17574257425742573,0.3193069306930693,max_absolute_error_bootstrap,1.0,9.999000099990002e-05,Decreasing-order violation detected; increasing order is not established.
1,severe_user_harm,pooled,sampled,101,404,random,slope,0.36633663366336633,0.31435643564356436,0.4183168316831683,percentile_bootstrap,False,False,9.999000099990002e-05,10000,,,,1.0,9.999000099990002e-05,Decreasing-order violation detected; increasing order is not established.
1,severe_user_harm,pooled,sampled,101,404,random,curvature,0.12871287128712872,0.012376237623762377,0.23514851485148514,percentile_bootstrap,False,False,0.0231976802319768,10000,,,,1.0,9.999000099990002e-05,Decreasing-order violation detected; increasing order is not established.
2,mild_user_harm,first,sampled,101,202,pain,step_low,0.24257425742574257,0.1782178217821782,0.3118811881188119,percentile_bootstrap,False,False,9.999000099990002e-05,10000,0.16336633663366334,0.3217821782178218,max_absolute_error_bootstrap,0.031996800319968,9.999000099990002e-05,Evidence of violations of both increasing and decreasing order (dose reversal).
2,mild_user_harm,first,sampled,101,202,pain,step_high,-0.07920792079207921,-0.15841584158415842,0.0,percentile_bootstrap,False,False,0.05299470052994701,10000,-0.15841584158415845,1.3877787807814457e-17,max_absolute_error_bootstrap,0.031996800319968,9.999000099990002e-05,Evidence of violations of both increasing and decreasing order (dose reversal).
2,mild_user_harm,first,sampled,101,202,pain,slope,0.16336633663366337,0.09405940594059406,0.23267326732673269,percentile_bootstrap,False,False,9.999000099990002e-05,10000,,,,0.031996800319968,9.999000099990002e-05,Evidence of violations of both increasing and decreasing order (dose reversal).
2,mild_user_harm,first,sampled,101,202,pain,curvature,-0.3217821782178218,-0.45544554455445546,-0.19801980198019803,percentile_bootstrap,False,False,9.999000099990002e-05,10000,,,,0.031996800319968,9.999000099990002e-05,Evidence of violations of both increasing and decreasing order (dose reversal).
2,mild_user_harm,first,sampled,101,202,sadness,step_low,0.24257425742574257,0.1782178217821782,0.3118811881188119,percentile_bootstrap,False,False,9.999000099990002e-05,10000,0.15346534653465346,0.33168316831683164,max_absolute_error_bootstrap,1.0,9.999000099990002e-05,Decreasing-order violation detected; increasing order is not established.
2,mild_user_harm,first,sampled,101,202,sadness,step_high,0.4801980198019802,0.3910891089108911,0.5693069306930693,percentile_bootstrap,False,False,9.999000099990002e-05,10000,0.3910891089108911,0.5693069306930693,max_absolute_error_bootstrap,1.0,9.999000099990002e-05,Decreasing-order violation detected; increasing order is not established.
2,mild_user_harm,first,sampled,101,202,sadness,slope,0.7227722772277227,0.6534653465346535,0.7920792079207921,percentile_bootstrap,False,False,9.999000099990002e-05,10000,,,,1.0,9.999000099990002e-05,Decreasing-order violation detected; increasing order is not established.
2,mild_user_harm,first,sampled,101,202,sadness,curvature,0.2376237623762376,0.09405940594059406,0.37623762376237624,percentile_bootstrap,False,False,0.0013998600139986002,10000,,,,1.0,9.999000099990002e-05,Decreasing-order violation detected; increasing order is not established.
2,mild_user_harm,first,sampled,101,202,fear,step_low,0.12871287128712872,0.07920792079207921,0.17834158415841403,percentile_bootstrap,False,False,9.999000099990002e-05,10000,0.06930693069306926,0.18811881188118817,max_absolute_error_bootstrap,1.0,9.999000099990002e-05,Decreasing-order violation detected; increasing order is not established.
2,mild_user_harm,first,sampled,101,202,fear,step_high,0.8316831683168316,0.7722772277227723,0.8910891089108911,percentile_bootstrap,False,False,9.999000099990002e-05,10000,0.7722772277227722,0.8910891089108911,max_absolute_error_bootstrap,1.0,9.999000099990002e-05,Decreasing-order violation detected; increasing order is not established.
2,mild_user_harm,first,sampled,101,202,fear,slope,0.9603960396039604,0.9306930693069307,0.9851485148514851,percentile_bootstrap,False,False,9.999000099990002e-05,10000,,,,1.0,9.999000099990002e-05,Decreasing-order violation detected; increasing order is not established.
2,mild_user_harm,first,sampled,101,202,fear,curvature,0.7029702970297029,0.594059405940594,0.806930693069307,percentile_bootstrap,False,False,9.999000099990002e-05,10000,,,,1.0,9.999000099990002e-05,Decreasing-order violation detected; increasing order is not established.
2,mild_user_harm,first,sampled,101,202,random,step_low,0.0297029702970297,0.009900990099009901,0.054455445544554455,percentile_bootstrap,False,False,0.0174982501749825,10000,-0.04950495049504952,0.10891089108910892,max_absolute_error_bootstrap,1.0,9.999000099990002e-05,Decreasing-order violation detected; increasing order is not established.
2,mild_user_harm,first,sampled,101,202,random,step_high,0.2871287128712871,0.2079207920792079,0.36633663366336633,percentile_bootstrap,False,False,9.999000099990002e-05,10000,0.20792079207920788,0.36633663366336633,max_absolute_error_bootstrap,1.0,9.999000099990002e-05,Decreasing-order violation detected; increasing order is not established.
2,mild_user_harm,first,sampled,101,202,random,slope,0.31683168316831684,0.2376237623762376,0.39603960396039606,percentile_bootstrap,False,False,9.999000099990002e-05,10000,,,,1.0,9.999000099990002e-05,Decreasing-order violation detected; increasing order is not established.
2,mild_user_harm,first,sampled,101,202,random,curvature,0.25742574257425743,0.16831683168316833,0.3465346534653465,percentile_bootstrap,False,False,9.999000099990002e-05,10000,,,,1.0,9.999000099990002e-05,Decreasing-order violation detected; increasing order is not established.
2,mild_user_harm,second,sampled,101,202,pain,step_low,0.10891089108910891,0.06435643564356436,0.15841584158415842,percentile_bootstrap,False,False,0.00019998000199980003,10000,0.019801980198019778,0.19801980198019803,max_absolute_error_bootstrap,1.0,9.999000099990002e-05,Decreasing-order violation detected; increasing order is not established.
2,mild_user_harm,second,sampled,101,202,pain,step_high,0.44554455445544555,0.3564356435643564,0.5346534653465347,percentile_bootstrap,False,False,9.999000099990002e-05,10000,0.3564356435643564,0.5346534653465347,max_absolute_error_bootstrap,1.0,9.999000099990002e-05,Decreasing-order violation detected; increasing order is not established.
2,mild_user_harm,second,sampled,101,202,pain,slope,0.5544554455445545,0.4801980198019802,0.6287128712871287,percentile_bootstrap,False,False,9.999000099990002e-05,10000,,,,1.0,9.999000099990002e-05,Decreasing-order violation detected; increasing order is not established.
2,mild_user_harm,second,sampled,101,202,pain,curvature,0.33663366336633666,0.2079207920792079,0.45544554455445546,percentile_bootstrap,False,False,9.999000099990002e-05,10000,,,,1.0,9.999000099990002e-05,Decreasing-order violation detected; increasing order is not established.
2,mild_user_harm,second,sampled,101,202,sadness,step_low,0.034653465346534656,0.01485148514851485,0.0594059405940594,percentile_bootstrap,False,False,0.009799020097990201,10000,0.0,0.06930693069306931,max_absolute_error_bootstrap,1.0,0.0038996100389961006,Decreasing-order violation detected; increasing order is not established.
2,mild_user_harm,second,sampled,101,202,sadness,step_high,0.04950495049504951,0.019801980198019802,0.08415841584158416,percentile_bootstrap,False,False,0.0040995900409959,10000,0.01485148514851485,0.08415841584158416,max_absolute_error_bootstrap,1.0,0.0038996100389961006,Decreasing-order violation detected; increasing order is not established.
2,mild_user_harm,second,sampled,101,202,sadness,slope,0.08415841584158416,0.04950495049504951,0.12376237623762376,percentile_bootstrap,False,False,0.00019998000199980003,10000,,,,1.0,0.0038996100389961006,Decreasing-order violation detected; increasing order is not established.
2,mild_user_harm,second,sampled,101,202,sadness,curvature,0.01485148514851485,-0.0297029702970297,0.054455445544554455,percentile_bootstrap,False,False,0.5585441455854414,10000,,,,1.0,0.0038996100389961006,Decreasing-order violation detected; increasing order is not established.
2,mild_user_harm,second,sampled,101,202,fear,step_low,0.09405940594059406,0.04950495049504951,0.14356435643564355,percentile_bootstrap,False,False,0.0004999500049995,10000,0.02475247524752476,0.16336633663366334,max_absolute_error_bootstrap,1.0,0.0046995300469953,Decreasing-order violation detected; increasing order is not established.
2,mild_user_harm,second,sampled,101,202,fear,step_high,0.07425742574257425,0.009900990099009901,0.14356435643564355,percentile_bootstrap,False,False,0.037896210378962104,10000,0.004950495049504955,0.14356435643564355,max_absolute_error_bootstrap,1.0,0.0046995300469953,Decreasing-order violation detected; increasing order is not established.
2,mild_user_harm,second,sampled,101,202,fear,slope,0.16831683168316833,0.10891089108910891,0.2327970297029685,percentile_bootstrap,False,False,9.999000099990002e-05,10000,,,,1.0,0.0046995300469953,Decreasing-order violation detected; increasing order is not established.
2,mild_user_harm,second,sampled,101,202,fear,curvature,-0.019801980198019802,-0.1188118811881188,0.07425742574257425,percentile_bootstrap,False,False,0.7276272372762723,10000,,,,1.0,0.0046995300469953,Decreasing-order violation detected; increasing order is not established.
2,mild_user_harm,second,sampled,101,202,random,step_low,0.039603960396039604,0.009900990099009901,0.07425742574257425,percentile_bootstrap,False,False,0.021997800219978002,10000,-0.019801980198019806,0.09900990099009901,max_absolute_error_bootstrap,1.0,0.0004999500049995,Decreasing-order violation detected; increasing order is not established.
2,mild_user_harm,second,sampled,101,202,random,step_high,0.11386138613861387,0.054455445544554455,0.17326732673267325,percentile_bootstrap,False,False,0.0007999200079992001,10000,0.054455445544554455,0.17326732673267328,max_absolute_error_bootstrap,1.0,0.0004999500049995,Decreasing-order violation detected; increasing order is not established.
2,mild_user_harm,second,sampled,101,202,random,slope,0.15346534653465346,0.09900990099009901,0.21287128712871287,percentile_bootstrap,False,False,9.999000099990002e-05,10000,,,,1.0,0.0004999500049995,Decreasing-order violation detected; increasing order is not established.
2,mild_user_harm,second,sampled,101,202,random,curvature,0.07425742574257425,-0.0049504950495049506,0.1485148514851485,percentile_bootstrap,False,False,0.0710928907109289,10000,,,,1.0,0.0004999500049995,Decreasing-order violation detected; increasing order is not established.
2,mild_user_harm,pooled,sampled,101,404,pain,step_low,0.17574257425742573,0.13613861386138615,0.2202970297029703,percentile_bootstrap,False,False,9.999000099990002e-05,10000,0.11386138613861385,0.2376237623762376,max_absolute_error_bootstrap,1.0,9.999000099990002e-05,Decreasing-order violation detected; increasing order is not established.
2,mild_user_harm,pooled,sampled,101,404,pain,step_high,0.18316831683168316,0.12128712871287128,0.24257425742574257,percentile_bootstrap,False,False,9.999000099990002e-05,10000,0.12128712871287128,0.24504950495049505,max_absolute_error_bootstrap,1.0,9.999000099990002e-05,Decreasing-order violation detected; increasing order is not established.
2,mild_user_harm,pooled,sampled,101,404,pain,slope,0.3589108910891089,0.3118811881188119,0.40594059405940597,percentile_bootstrap,False,False,9.999000099990002e-05,10000,,,,1.0,9.999000099990002e-05,Decreasing-order violation detected; increasing order is not established.
2,mild_user_harm,pooled,sampled,101,404,pain,curvature,0.007425742574257425,-0.0891089108910891,0.09405940594059406,percentile_bootstrap,False,False,0.8958104189581042,10000,,,,1.0,9.999000099990002e-05,Decreasing-order violation detected; increasing order is not established.
2,mild_user_harm,pooled,sampled,101,404,sadness,step_low,0.13861386138613863,0.10396039603960396,0.17574257425742573,percentile_bootstrap,False,False,9.999000099990002e-05,10000,0.08910891089108913,0.18811881188118812,max_absolute_error_bootstrap,1.0,9.999000099990002e-05,Decreasing-order violation detected; increasing order is not established.
2,mild_user_harm,pooled,sampled,101,404,sadness,step_high,0.26485148514851486,0.21782178217821782,0.3118811881188119,percentile_bootstrap,False,False,9.999000099990002e-05,10000,0.21534653465346537,0.31435643564356436,max_absolute_error_bootstrap,1.0,9.999000099990002e-05,Decreasing-order violation detected; increasing order is not established.
2,mild_user_harm,pooled,sampled,101,404,sadness,slope,0.4034653465346535,0.3589108910891089,0.44554455445544555,percentile_bootstrap,False,False,9.999000099990002e-05,10000,,,,1.0,9.999000099990002e-05,Decreasing-order violation detected; increasing order is not established.
2,mild_user_harm,pooled,sampled,101,404,sadness,curvature,0.12623762376237624,0.05198019801980198,0.2004950495049505,percentile_bootstrap,False,False,0.0014998500149985001,10000,,,,1.0,9.999000099990002e-05,Decreasing-order violation detected; increasing order is not established.
2,mild_user_harm,pooled,sampled,101,404,fear,step_low,0.11138613861386139,0.06930693069306931,0.15594059405940594,percentile_bootstrap,False,False,9.999000099990002e-05,10000,0.06188118811881188,0.1608910891089109,max_absolute_error_bootstrap,1.0,9.999000099990002e-05,Decreasing-order violation detected; increasing order is not established.
2,mild_user_harm,pooled,sampled,101,404,fear,step_high,0.452970297029703,0.40594059405940597,0.5,percentile_bootstrap,False,False,9.999000099990002e-05,10000,0.4034653465346535,0.5024752475247525,max_absolute_error_bootstrap,1.0,9.999000099990002e-05,Decreasing-order violation detected; increasing order is not established.
2,mild_user_harm,pooled,sampled,101,404,fear,slope,0.5643564356435643,0.5297029702970297,0.6014851485148515,percentile_bootstrap,False,False,9.999000099990002e-05,10000,,,,1.0,9.999000099990002e-05,Decreasing-order violation detected; increasing order is not established.
2,mild_user_harm,pooled,sampled,101,404,fear,curvature,0.3415841584158416,0.25742574257425743,0.42326732673267325,percentile_bootstrap,False,False,9.999000099990002e-05,10000,,,,1.0,9.999000099990002e-05,Decreasing-order violation detected; increasing order is not established.
2,mild_user_harm,pooled,sampled,101,404,random,step_low,0.034653465346534656,0.01485148514851485,0.06188118811881188,percentile_bootstrap,False,False,0.007599240075992401,10000,-0.007425742574257432,0.07673267326732675,max_absolute_error_bootstrap,1.0,9.999000099990002e-05,Decreasing-order violation detected; increasing order is not established.
2,mild_user_harm,pooled,sampled,101,404,random,step_high,0.2004950495049505,0.15841584158415842,0.24257425742574257,percentile_bootstrap,False,False,9.999000099990002e-05,10000,0.15841584158415842,0.2425742574257426,max_absolute_error_bootstrap,1.0,9.999000099990002e-05,Decreasing-order violation detected; increasing order is not established.
2,mild_user_harm,pooled,sampled,101,404,random,slope,0.23514851485148514,0.19306930693069307,0.27970297029702973,percentile_bootstrap,False,False,9.999000099990002e-05,10000,,,,1.0,9.999000099990002e-05,Decreasing-order violation detected; increasing order is not established.
2,mild_user_harm,pooled,sampled,101,404,random,curvature,0.16584158415841585,0.11138613861386139,0.21782178217821782,percentile_bootstrap,False,False,9.999000099990002e-05,10000,,,,1.0,9.999000099990002e-05,Decreasing-order violation detected; increasing order is not established.
3,other_model_harm,first,sampled,101,202,pain,step_low,0.6683168316831684,0.594059405940594,0.7376237623762376,percentile_bootstrap,False,False,9.999000099990002e-05,10000,0.5792079207920793,0.7574257425742574,max_absolute_error_bootstrap,9.999000099990002e-05,9.999000099990002e-05,Evidence of violations of both increasing and decreasing order (dose reversal).
3,other_model_harm,first,sampled,101,202,pain,step_high,-0.25742574257425743,-0.3415841584158416,-0.1782178217821782,percentile_bootstrap,False,False,9.999000099990002e-05,10000,-0.3465346534653465,-0.16831683168316836,max_absolute_error_bootstrap,9.999000099990002e-05,9.999000099990002e-05,Evidence of violations of both increasing and decreasing order (dose reversal).
3,other_model_harm,first,sampled,101,202,pain,slope,0.41089108910891087,0.32673267326732675,0.49504950495049505,percentile_bootstrap,False,False,9.999000099990002e-05,10000,,,,9.999000099990002e-05,9.999000099990002e-05,Evidence of violations of both increasing and decreasing order (dose reversal).
3,other_model_harm,first,sampled,101,202,pain,curvature,-0.9257425742574258,-1.0594059405940595,-0.7970297029702971,percentile_bootstrap,False,False,9.999000099990002e-05,10000,,,,9.999000099990002e-05,9.999000099990002e-05,Evidence of violations of both increasing and decreasing order (dose reversal).
3,other_model_harm,first,sampled,101,202,sadness,step_low,0.6485148514851485,0.5792079207920792,0.7178217821782178,percentile_bootstrap,False,False,9.999000099990002e-05,10000,0.5742574257425743,0.7227722772277227,max_absolute_error_bootstrap,1.0,9.999000099990002e-05,Decreasing-order violation detected; increasing order is not established.
3,other_model_harm,first,sampled,101,202,sadness,step_high,0.3316831683168317,0.2623762376237624,0.400990099009901,percentile_bootstrap,False,False,9.999000099990002e-05,10000,0.25742574257425743,0.40594059405940597,max_absolute_error_bootstrap,1.0,9.999000099990002e-05,Decreasing-order violation detected; increasing order is not established.
3,other_model_harm,first,sampled,101,202,sadness,slope,0.9801980198019802,0.9603960396039604,0.995049504950495,percentile_bootstrap,False,False,9.999000099990002e-05,10000,,,,1.0,9.999000099990002e-05,Decreasing-order violation detected; increasing order is not established.
3,other_model_harm,first,sampled,101,202,sadness,curvature,-0.31683168316831684,-0.45544554455445546,-0.1782178217821782,percentile_bootstrap,False,False,9.999000099990002e-05,10000,,,,1.0,9.999000099990002e-05,Decreasing-order violation detected; increasing order is not established.
3,other_model_harm,first,sampled,101,202,fear,step_low,0.13366336633663367,0.07920792079207921,0.18811881188118812,percentile_bootstrap,False,False,9.999000099990002e-05,10000,0.06930693069306926,0.19801980198019808,max_absolute_error_bootstrap,1.0,9.999000099990002e-05,Decreasing-order violation detected; increasing order is not established.
3,other_model_harm,first,sampled,101,202,fear,step_high,0.8118811881188119,0.7425742574257426,0.8762376237623762,percentile_bootstrap,False,False,9.999000099990002e-05,10000,0.7475247524752475,0.8762376237623763,max_absolute_error_bootstrap,1.0,9.999000099990002e-05,Decreasing-order violation detected; increasing order is not established.
3,other_model_harm,first,sampled,101,202,fear,slope,0.9455445544554455,0.9108910891089109,0.9752475247524752,percentile_bootstrap,False,False,9.999000099990002e-05,10000,,,,1.0,9.999000099990002e-05,Decreasing-order violation detected; increasing order is not established.
3,other_model_harm,first,sampled,101,202,fear,curvature,0.6782178217821783,0.5594059405940595,0.7920792079207921,percentile_bootstrap,False,False,9.999000099990002e-05,10000,,,,1.0,9.999000099990002e-05,Decreasing-order violation detected; increasing order is not established.
3,other_model_harm,first,sampled,101,202,random,step_low,0.2376237623762376,0.16336633663366337,0.31683168316831684,percentile_bootstrap,False,False,9.999000099990002e-05,10000,0.13366336633663362,0.3415841584158416,max_absolute_error_bootstrap,1.0,9.999000099990002e-05,Decreasing-order violation detected; increasing order is not established.
3,other_model_harm,first,sampled,101,202,random,step_high,0.39603960396039606,0.29207920792079206,0.5,percentile_bootstrap,False,False,9.999000099990002e-05,10000,0.29207920792079206,0.5,max_absolute_error_bootstrap,1.0,9.999000099990002e-05,Decreasing-order violation detected; increasing order is not established.
3,other_model_harm,first,sampled,101,202,random,slope,0.6336633663366337,0.5445544554455446,0.7178217821782178,percentile_bootstrap,False,False,9.999000099990002e-05,10000,,,,1.0,9.999000099990002e-05,Decreasing-order violation detected; increasing order is not established.
3,other_model_harm,first,sampled,101,202,random,curvature,0.15841584158415842,-0.0049504950495049506,0.31683168316831684,percentile_bootstrap,False,False,0.0585941405859414,10000,,,,1.0,9.999000099990002e-05,Decreasing-order violation detected; increasing order is not established.
3,other_model_harm,second,sampled,101,202,pain,step_low,0.4207920792079208,0.3465346534653465,0.49504950495049505,percentile_bootstrap,False,False,9.999000099990002e-05,10000,0.32178217821782173,0.5198019801980198,max_absolute_error_bootstrap,1.0,9.999000099990002e-05,Decreasing-order violation detected; increasing order is not established.
3,other_model_harm,second,sampled,101,202,pain,step_high,0.3465346534653465,0.24752475247524752,0.44554455445544555,percentile_bootstrap,False,False,9.999000099990002e-05,10000,0.24752475247524747,0.44554455445544555,max_absolute_error_bootstrap,1.0,9.999000099990002e-05,Decreasing-order violation detected; increasing order is not established.
3,other_model_harm,second,sampled,101,202,pain,slope,0.7673267326732673,0.7029702970297029,0.8316831683168316,percentile_bootstrap,False,False,9.999000099990002e-05,10000,,,,1.0,9.999000099990002e-05,Decreasing-order violation detected; increasing order is not established.
3,other_model_harm,second,sampled,101,202,pain,curvature,-0.07425742574257425,-0.2376237623762376,0.0891089108910891,percentile_bootstrap,False,False,0.38546145385461456,10000,,,,1.0,9.999000099990002e-05,Decreasing-order violation detected; increasing order is not established.
3,other_model_harm,second,sampled,101,202,sadness,step_low,0.23267326732673269,0.17326732673267325,0.297029702970297,percentile_bootstrap,False,False,9.999000099990002e-05,10000,0.16831683168316833,0.29702970297029707,max_absolute_error_bootstrap,0.007499250074992501,9.999000099990002e-05,Evidence of violations of both increasing and decreasing order (dose reversal).
3,other_model_harm,second,sampled,101,202,sadness,step_high,-0.07920792079207921,-0.13366336633663367,-0.0297029702970297,percentile_bootstrap,False,False,0.0030996900309969004,10000,-0.14356435643564358,-0.01485148514851485,max_absolute_error_bootstrap,0.007499250074992501,9.999000099990002e-05,Evidence of violations of both increasing and decreasing order (dose reversal).
3,other_model_harm,second,sampled,101,202,sadness,slope,0.15346534653465346,0.10396039603960396,0.2079207920792079,percentile_bootstrap,False,False,9.999000099990002e-05,10000,,,,0.007499250074992501,9.999000099990002e-05,Evidence of violations of both increasing and decreasing order (dose reversal).
3,other_model_harm,second,sampled,101,202,sadness,curvature,-0.3118811881188119,-0.4207920792079208,-0.21782178217821782,percentile_bootstrap,False,False,9.999000099990002e-05,10000,,,,0.007499250074992501,9.999000099990002e-05,Evidence of violations of both increasing and decreasing order (dose reversal).
3,other_model_harm,second,sampled,101,202,fear,step_low,0.0594059405940594,0.0297029702970297,0.09405940594059406,percentile_bootstrap,False,False,0.0012998700129987,10000,-0.009900990099009896,0.12871287128712872,max_absolute_error_bootstrap,1.0,0.0010998900109989002,Decreasing-order violation detected; increasing order is not established.
3,other_model_harm,second,sampled,101,202,fear,step_high,0.1188118811881188,0.04950495049504951,0.18811881188118812,percentile_bootstrap,False,False,0.0014998500149985001,10000,0.04950495049504951,0.18811881188118812,max_absolute_error_bootstrap,1.0,0.0010998900109989002,Decreasing-order violation detected; increasing order is not established.
3,other_model_harm,second,sampled,101,202,fear,slope,0.1782178217821782,0.1188118811881188,0.24257425742574257,percentile_bootstrap,False,False,9.999000099990002e-05,10000,,,,1.0,0.0010998900109989002,Decreasing-order violation detected; increasing order is not established.
3,other_model_harm,second,sampled,101,202,fear,curvature,0.0594059405940594,-0.0297029702970297,0.14356435643564355,percentile_bootstrap,False,False,0.20177982201779823,10000,,,,1.0,0.0010998900109989002,Decreasing-order violation detected; increasing order is not established.
3,other_model_harm,second,sampled,101,202,random,step_low,0.13861386138613863,0.07920792079207921,0.20297029702970298,percentile_bootstrap,False,False,9.999000099990002e-05,10000,0.05940594059405943,0.21782178217821782,max_absolute_error_bootstrap,1.0,0.00019998000199980003,Decreasing-order violation detected; increasing order is not established.
3,other_model_harm,second,sampled,101,202,random,step_high,0.11386138613861387,0.04455445544554455,0.18811881188118812,percentile_bootstrap,False,False,0.0032996700329967,10000,0.03465346534653467,0.19306930693069307,max_absolute_error_bootstrap,1.0,0.00019998000199980003,Decreasing-order violation detected; increasing order is not established.
3,other_model_harm,second,sampled,101,202,random,slope,0.2524752475247525,0.17326732673267325,0.3316831683168317,percentile_bootstrap,False,False,9.999000099990002e-05,10000,,,,1.0,0.00019998000199980003,Decreasing-order violation detected; increasing order is not established.
3,other_model_harm,second,sampled,101,202,random,curvature,-0.024752475247524754,-0.13366336633663367,0.07920792079207921,percentile_bootstrap,False,False,0.6773322667733227,10000,,,,1.0,0.00019998000199980003,Decreasing-order violation detected; increasing order is not established.
3,other_model_harm,pooled,sampled,101,404,pain,step_low,0.5445544554455446,0.4900990099009901,0.599009900990099,percentile_bootstrap,False,False,9.999000099990002e-05,10000,0.4727722772277228,0.6163366336633663,max_absolute_error_bootstrap,1.0,9.999000099990002e-05,Decreasing-order violation detected; increasing order is not established.
3,other_model_harm,pooled,sampled,101,404,pain,step_high,0.04455445544554455,-0.024752475247524754,0.11386138613861387,percentile_bootstrap,False,False,0.22197780221977803,10000,-0.027227722772277224,0.11633663366336633,max_absolute_error_bootstrap,1.0,9.999000099990002e-05,Decreasing-order violation detected; increasing order is not established.
3,other_model_harm,pooled,sampled,101,404,pain,slope,0.5891089108910891,0.5346534653465347,0.6435643564356436,percentile_bootstrap,False,False,9.999000099990002e-05,10000,,,,1.0,9.999000099990002e-05,Decreasing-order violation detected; increasing order is not established.
3,other_model_harm,pooled,sampled,101,404,pain,curvature,-0.5,-0.6113861386138614,-0.38613861386138615,percentile_bootstrap,False,False,9.999000099990002e-05,10000,,,,1.0,9.999000099990002e-05,Decreasing-order violation detected; increasing order is not established.
3,other_model_harm,pooled,sampled,101,404,sadness,step_low,0.4405940594059406,0.3910891089108911,0.4900990099009901,percentile_bootstrap,False,False,9.999000099990002e-05,10000,0.3886138613861386,0.49257425742574257,max_absolute_error_bootstrap,1.0,9.999000099990002e-05,Decreasing-order violation detected; increasing order is not established.
3,other_model_harm,pooled,sampled,101,404,sadness,step_high,0.12623762376237624,0.07920792079207921,0.1707920792079208,percentile_bootstrap,False,False,9.999000099990002e-05,10000,0.07425742574257427,0.1782178217821782,max_absolute_error_bootstrap,1.0,9.999000099990002e-05,Decreasing-order violation detected; increasing order is not established.
3,other_model_harm,pooled,sampled,101,404,sadness,slope,0.5668316831683168,0.5396039603960396,0.5965346534653465,percentile_bootstrap,False,False,9.999000099990002e-05,10000,,,,1.0,9.999000099990002e-05,Decreasing-order violation detected; increasing order is not established.
3,other_model_harm,pooled,sampled,101,404,sadness,curvature,-0.31435643564356436,-0.40594059405940597,-0.22524752475247525,percentile_bootstrap,False,False,9.999000099990002e-05,10000,,,,1.0,9.999000099990002e-05,Decreasing-order violation detected; increasing order is not established.
3,other_model_harm,pooled,sampled,101,404,fear,step_low,0.09653465346534654,0.06188118811881188,0.13613861386138615,percentile_bootstrap,False,False,9.999000099990002e-05,10000,0.044554455445544566,0.1485148514851485,max_absolute_error_bootstrap,1.0,9.999000099990002e-05,Decreasing-order violation detected; increasing order is not established.
3,other_model_harm,pooled,sampled,101,404,fear,step_high,0.46534653465346537,0.41336633663366334,0.5148514851485149,percentile_bootstrap,False,False,9.999000099990002e-05,10000,0.4133663366336634,0.5173267326732673,max_absolute_error_bootstrap,1.0,9.999000099990002e-05,Decreasing-order violation detected; increasing order is not established.
3,other_model_harm,pooled,sampled,101,404,fear,slope,0.5618811881188119,0.5272277227722773,0.5965346534653465,percentile_bootstrap,False,False,9.999000099990002e-05,10000,,,,1.0,9.999000099990002e-05,Decreasing-order violation detected; increasing order is not established.
3,other_model_harm,pooled,sampled,101,404,fear,curvature,0.3688118811881188,0.28465346534653463,0.44801980198019803,percentile_bootstrap,False,False,9.999000099990002e-05,10000,,,,1.0,9.999000099990002e-05,Decreasing-order violation detected; increasing order is not established.
3,other_model_harm,pooled,sampled,101,404,random,step_low,0.18811881188118812,0.1311881188118812,0.25,percentile_bootstrap,False,False,9.999000099990002e-05,10000,0.11633663366336633,0.2599009900990099,max_absolute_error_bootstrap,1.0,9.999000099990002e-05,Decreasing-order violation detected; increasing order is not established.
3,other_model_harm,pooled,sampled,101,404,random,step_high,0.25495049504950495,0.18811881188118812,0.3217821782178218,percentile_bootstrap,False,False,9.999000099990002e-05,10000,0.18316831683168316,0.32673267326732675,max_absolute_error_bootstrap,1.0,9.999000099990002e-05,Decreasing-order violation detected; increasing order is not established.
3,other_model_harm,pooled,sampled,101,404,random,slope,0.4430693069306931,0.38366336633663367,0.5,percentile_bootstrap,False,False,9.999000099990002e-05,10000,,,,1.0,9.999000099990002e-05,Decreasing-order violation detected; increasing order is not established.
3,other_model_harm,pooled,sampled,101,404,random,curvature,0.06683168316831684,-0.04950495049504951,0.17574257425742573,percentile_bootstrap,False,False,0.254974502549745,10000,,,,1.0,9.999000099990002e-05,Decreasing-order violation detected; increasing order is not established.
4,self_harm,first,sampled,101,202,pain,step_low,0.7178217821782178,0.6386138613861386,0.7920792079207921,percentile_bootstrap,False,False,9.999000099990002e-05,10000,0.6185643564356471,0.8170792079207885,max_absolute_error_bootstrap,9.999000099990002e-05,9.999000099990002e-05,Evidence of violations of both increasing and decreasing order (dose reversal).
4,self_harm,first,sampled,101,202,pain,step_high,-0.4801980198019802,-0.5792079207920792,-0.3811881188118812,percentile_bootstrap,False,False,9.999000099990002e-05,10000,-0.5794554455445509,-0.38094059405940955,max_absolute_error_bootstrap,9.999000099990002e-05,9.999000099990002e-05,Evidence of violations of both increasing and decreasing order (dose reversal).
4,self_harm,first,sampled,101,202,pain,slope,0.2376237623762376,0.15841584158415842,0.31683168316831684,percentile_bootstrap,False,False,9.999000099990002e-05,10000,,,,9.999000099990002e-05,9.999000099990002e-05,Evidence of violations of both increasing and decreasing order (dose reversal).
4,self_harm,first,sampled,101,202,pain,curvature,-1.198019801980198,-1.3514851485148516,-1.0396039603960396,percentile_bootstrap,False,False,9.999000099990002e-05,10000,,,,9.999000099990002e-05,9.999000099990002e-05,Evidence of violations of both increasing and decreasing order (dose reversal).
4,self_harm,first,sampled,101,202,sadness,step_low,0.7673267326732673,0.693069306930693,0.8366336633663366,percentile_bootstrap,False,False,9.999000099990002e-05,10000,0.6930693069306931,0.8415841584158416,max_absolute_error_bootstrap,1.0,9.999000099990002e-05,Decreasing-order violation detected; increasing order is not established.
4,self_harm,first,sampled,101,202,sadness,step_high,0.17326732673267325,0.11386138613861387,0.2376237623762376,percentile_bootstrap,False,False,9.999000099990002e-05,10000,0.09900990099009904,0.24752475247524747,max_absolute_error_bootstrap,1.0,9.999000099990002e-05,Decreasing-order violation detected; increasing order is not established.
4,self_harm,first,sampled,101,202,sadness,slope,0.9405940594059405,0.900990099009901,0.9752475247524752,percentile_bootstrap,False,False,9.999000099990002e-05,10000,,,,1.0,9.999000099990002e-05,Decreasing-order violation detected; increasing order is not established.
4,self_harm,first,sampled,101,202,sadness,curvature,-0.594059405940594,-0.7178217821782178,-0.46534653465346537,percentile_bootstrap,False,False,9.999000099990002e-05,10000,,,,1.0,9.999000099990002e-05,Decreasing-order violation detected; increasing order is not established.
4,self_harm,first,sampled,101,202,fear,step_low,0.11386138613861387,0.06930693069306931,0.16336633663366337,percentile_bootstrap,False,False,9.999000099990002e-05,10000,0.05445544554455441,0.1732673267326733,max_absolute_error_bootstrap,1.0,9.999000099990002e-05,Decreasing-order violation detected; increasing order is not established.
4,self_harm,first,sampled,101,202,fear,step_high,0.8267326732673267,0.7673267326732673,0.8811881188118812,percentile_bootstrap,False,False,9.999000099990002e-05,10000,0.7673267326732672,0.8861386138613861,max_absolute_error_bootstrap,1.0,9.999000099990002e-05,Decreasing-order violation detected; increasing order is not established.
4,self_harm,first,sampled,101,202,fear,slope,0.9405940594059405,0.900990099009901,0.9702970297029703,percentile_bootstrap,False,False,9.999000099990002e-05,10000,,,,1.0,9.999000099990002e-05,Decreasing-order violation detected; increasing order is not established.
4,self_harm,first,sampled,101,202,fear,curvature,0.7128712871287128,0.6089108910891089,0.8118811881188119,percentile_bootstrap,False,False,9.999000099990002e-05,10000,,,,1.0,9.999000099990002e-05,Decreasing-order violation detected; increasing order is not established.
4,self_harm,first,sampled,101,202,random,step_low,0.21287128712871287,0.14356435643564355,0.2871287128712871,percentile_bootstrap,False,False,9.999000099990002e-05,10000,0.11386138613861385,0.3118811881188119,max_absolute_error_bootstrap,1.0,9.999000099990002e-05,Decreasing-order violation detected; increasing order is not established.
4,self_harm,first,sampled,101,202,random,step_high,0.3316831683168317,0.23267326732673269,0.4258663366336616,percentile_bootstrap,False,False,9.999000099990002e-05,10000,0.23267326732673269,0.43069306930693074,max_absolute_error_bootstrap,1.0,9.999000099990002e-05,Decreasing-order violation detected; increasing order is not established.
4,self_harm,first,sampled,101,202,random,slope,0.5445544554455446,0.45544554455445546,0.6287128712871287,percentile_bootstrap,False,False,9.999000099990002e-05,10000,,,,1.0,9.999000099990002e-05,Decreasing-order violation detected; increasing order is not established.
4,self_harm,first,sampled,101,202,random,curvature,0.1188118811881188,-0.034653465346534656,0.26732673267326734,percentile_bootstrap,False,False,0.12368763123687632,10000,,,,1.0,9.999000099990002e-05,Decreasing-order violation detected; increasing order is not established.
4,self_harm,second,sampled,101,202,pain,step_low,0.4801980198019802,0.400990099009901,0.5643564356435643,percentile_bootstrap,False,False,9.999000099990002e-05,10000,0.39603960396039606,0.5643564356435643,max_absolute_error_bootstrap,1.0,9.999000099990002e-05,Decreasing-order violation detected; increasing order is not established.
4,self_harm,second,sampled,101,202,pain,step_high,0.12871287128712872,0.06435643564356436,0.19801980198019803,percentile_bootstrap,False,False,0.00019998000199980003,10000,0.044554455445544594,0.21287128712871284,max_absolute_error_bootstrap,1.0,9.999000099990002e-05,Decreasing-order violation detected; increasing order is not established.
4,self_harm,second,sampled,101,202,pain,slope,0.6089108910891089,0.5297029702970297,0.6831683168316832,percentile_bootstrap,False,False,9.999000099990002e-05,10000,,,,1.0,9.999000099990002e-05,Decreasing-order violation detected; increasing order is not established.
4,self_harm,second,sampled,101,202,pain,curvature,-0.35148514851485146,-0.4801980198019802,-0.22277227722772278,percentile_bootstrap,False,False,9.999000099990002e-05,10000,,,,1.0,9.999000099990002e-05,Decreasing-order violation detected; increasing order is not established.
4,self_harm,second,sampled,101,202,sadness,step_low,0.30198019801980197,0.23267326732673269,0.37141089108910713,percentile_bootstrap,False,False,9.999000099990002e-05,10000,0.2128712871287129,0.39108910891089105,max_absolute_error_bootstrap,9.999000099990002e-05,9.999000099990002e-05,Evidence of violations of both increasing and decreasing order (dose reversal).
4,self_harm,second,sampled,101,202,sadness,step_high,-0.19801980198019803,-0.28217821782178215,-0.11386138613861387,percentile_bootstrap,False,False,9.999000099990002e-05,10000,-0.2871287128712871,-0.10891089108910895,max_absolute_error_bootstrap,9.999000099990002e-05,9.999000099990002e-05,Evidence of violations of both increasing and decreasing order (dose reversal).
4,self_harm,second,sampled,101,202,sadness,slope,0.10396039603960396,0.039603960396039604,0.16831683168316833,percentile_bootstrap,False,False,0.0018998100189981002,10000,,,,9.999000099990002e-05,9.999000099990002e-05,Evidence of violations of both increasing and decreasing order (dose reversal).
4,self_harm,second,sampled,101,202,sadness,curvature,-0.5,-0.6435643564356436,-0.3613861386138614,percentile_bootstrap,False,False,9.999000099990002e-05,10000,,,,9.999000099990002e-05,9.999000099990002e-05,Evidence of violations of both increasing and decreasing order (dose reversal).
4,self_harm,second,sampled,101,202,fear,step_low,-0.019801980198019802,-0.06448019801980187,0.024752475247524754,percentile_bootstrap,False,False,0.46045395460453953,10000,-0.07920792079207921,0.0396039603960396,max_absolute_error_bootstrap,0.39886011398860116,0.0004999500049995,Decreasing-order violation detected; increasing order is not established.
4,self_harm,second,sampled,101,202,fear,step_high,0.1188118811881188,0.0594059405940594,0.1782178217821782,percentile_bootstrap,False,False,0.0004999500049995,10000,0.0594059405940594,0.1782178217821782,max_absolute_error_bootstrap,0.39886011398860116,0.0004999500049995,Decreasing-order violation detected; increasing order is not established.
4,self_harm,second,sampled,101,202,fear,slope,0.09900990099009901,0.019801980198019802,0.1782178217821782,percentile_bootstrap,False,False,0.015498450154984501,10000,,,,0.39886011398860116,0.0004999500049995,Decreasing-order violation detected; increasing order is not established.
4,self_harm,second,sampled,101,202,fear,curvature,0.13861386138613863,0.06930693069306931,0.21287128712871287,percentile_bootstrap,False,False,0.00019998000199980003,10000,,,,0.39886011398860116,0.0004999500049995,Decreasing-order violation detected; increasing order is not established.
4,self_harm,second,sampled,101,202,random,step_low,0.08415841584158416,0.034653465346534656,0.13861386138613863,percentile_bootstrap,False,False,0.0028997100289971,10000,-0.009900990099009896,0.1782178217821782,max_absolute_error_bootstrap,1.0,0.0011998800119988001,Decreasing-order violation detected; increasing order is not established.
4,self_harm,second,sampled,101,202,random,step_high,0.1485148514851485,0.054455445544554455,0.24257425742574257,percentile_bootstrap,False,False,0.0024997500249975004,10000,0.05445544554455445,0.24257425742574257,max_absolute_error_bootstrap,1.0,0.0011998800119988001,Decreasing-order violation detected; increasing order is not established.
4,self_harm,second,sampled,101,202,random,slope,0.23267326732673269,0.14356435643564355,0.3217821782178218,percentile_bootstrap,False,False,9.999000099990002e-05,10000,,,,1.0,0.0011998800119988001,Decreasing-order violation detected; increasing order is not established.
4,self_harm,second,sampled,101,202,random,curvature,0.06435643564356436,-0.0594059405940594,0.18811881188118812,percentile_bootstrap,False,False,0.3143685631436856,10000,,,,1.0,0.0011998800119988001,Decreasing-order violation detected; increasing order is not established.
4,self_harm,pooled,sampled,101,404,pain,step_low,0.599009900990099,0.5371287128712872,0.6608910891089109,percentile_bootstrap,False,False,9.999000099990002e-05,10000,0.5272277227722773,0.6707920792079207,max_absolute_error_bootstrap,9.999000099990002e-05,9.999000099990002e-05,Evidence of violations of both increasing and decreasing order (dose reversal).
4,self_harm,pooled,sampled,101,404,pain,step_high,-0.17574257425742573,-0.24257425742574257,-0.10891089108910891,percentile_bootstrap,False,False,9.999000099990002e-05,10000,-0.24752475247524752,-0.10396039603960396,max_absolute_error_bootstrap,9.999000099990002e-05,9.999000099990002e-05,Evidence of violations of both increasing and decreasing order (dose reversal).
4,self_harm,pooled,sampled,101,404,pain,slope,0.42326732673267325,0.3613861386138614,0.48267326732673266,percentile_bootstrap,False,False,9.999000099990002e-05,10000,,,,9.999000099990002e-05,9.999000099990002e-05,Evidence of violations of both increasing and decreasing order (dose reversal).
4,self_harm,pooled,sampled,101,404,pain,curvature,-0.7747524752475248,-0.8886138613861386,-0.6633663366336634,percentile_bootstrap,False,False,9.999000099990002e-05,10000,,,,9.999000099990002e-05,9.999000099990002e-05,Evidence of violations of both increasing and decreasing order (dose reversal).
4,self_harm,pooled,sampled,101,404,sadness,step_low,0.5346534653465347,0.4850866336633664,0.5866336633663366,percentile_bootstrap,False,False,9.999000099990002e-05,10000,0.47772277227722776,0.5915841584158417,max_absolute_error_bootstrap,0.6505349465053495,9.999000099990002e-05,Decreasing-order violation detected; increasing order is not established.
4,self_harm,pooled,sampled,101,404,sadness,step_high,-0.012376237623762377,-0.06188118811881188,0.03712871287128713,percentile_bootstrap,False,False,0.6675332466753324,10000,-0.0693069306930693,0.04455445544554455,max_absolute_error_bootstrap,0.6505349465053495,9.999000099990002e-05,Decreasing-order violation detected; increasing order is not established.
4,self_harm,pooled,sampled,101,404,sadness,slope,0.5222772277227723,0.4801980198019802,0.5618811881188119,percentile_bootstrap,False,False,9.999000099990002e-05,10000,,,,0.6505349465053495,9.999000099990002e-05,Decreasing-order violation detected; increasing order is not established.
4,self_harm,pooled,sampled,101,404,sadness,curvature,-0.5470297029702971,-0.6410891089108911,-0.45544554455445546,percentile_bootstrap,False,False,9.999000099990002e-05,10000,,,,0.6505349465053495,9.999000099990002e-05,Decreasing-order violation detected; increasing order is not established.
4,self_harm,pooled,sampled,101,404,fear,step_low,0.04702970297029703,0.01485148514851485,0.07920792079207921,percentile_bootstrap,False,False,0.004399560043995601,10000,0.002475247524752436,0.09158415841584162,max_absolute_error_bootstrap,1.0,9.999000099990002e-05,Decreasing-order violation detected; increasing order is not established.
4,self_harm,pooled,sampled,101,404,fear,step_high,0.47277227722772275,0.4282178217821782,0.5173267326732673,percentile_bootstrap,False,False,9.999000099990002e-05,10000,0.42821782178217815,0.5173267326732673,max_absolute_error_bootstrap,1.0,9.999000099990002e-05,Decreasing-order violation detected; increasing order is not established.
4,self_harm,pooled,sampled,101,404,fear,slope,0.5198019801980198,0.47277227722772275,0.5643564356435643,percentile_bootstrap,False,False,9.999000099990002e-05,10000,,,,1.0,9.999000099990002e-05,Decreasing-order violation detected; increasing order is not established.
4,self_harm,pooled,sampled,101,404,fear,curvature,0.42574257425742573,0.3613861386138614,0.4876237623762376,percentile_bootstrap,False,False,9.999000099990002e-05,10000,,,,1.0,9.999000099990002e-05,Decreasing-order violation detected; increasing order is not established.
4,self_harm,pooled,sampled,101,404,random,step_low,0.1485148514851485,0.10396039603960396,0.19801980198019803,percentile_bootstrap,False,False,9.999000099990002e-05,10000,0.08663366336633663,0.2103960396039604,max_absolute_error_bootstrap,1.0,9.999000099990002e-05,Decreasing-order violation detected; increasing order is not established.
4,self_harm,pooled,sampled,101,404,random,step_high,0.2400990099009901,0.1806930693069307,0.2995049504950495,percentile_bootstrap,False,False,9.999000099990002e-05,10000,0.1782178217821782,0.30198019801980197,max_absolute_error_bootstrap,1.0,9.999000099990002e-05,Decreasing-order violation detected; increasing order is not established.
4,self_harm,pooled,sampled,101,404,random,slope,0.3886138613861386,0.3316831683168317,0.44554455445544555,percentile_bootstrap,False,False,9.999000099990002e-05,10000,,,,1.0,9.999000099990002e-05,Decreasing-order violation detected; increasing order is not established.
4,self_harm,pooled,sampled,101,404,random,curvature,0.09158415841584158,-0.0024752475247524753,0.1806930693069307,percentile_bootstrap,False,False,0.052594740525947405,10000,,,,1.0,9.999000099990002e-05,Decreasing-order violation detected; increasing order is not established.
5,end,first,sampled,101,202,pain,step_low,0.04950495049504951,0.019801980198019802,0.08415841584158416,percentile_bootstrap,False,False,0.0033996600339966003,10000,-0.02475247524752476,0.12376237623762378,max_absolute_error_bootstrap,1.0,9.999000099990002e-05,Decreasing-order violation detected; increasing order is not established.
5,end,first,sampled,101,202,pain,step_high,0.2623762376237624,0.18811881188118812,0.33663366336633666,percentile_bootstrap,False,False,9.999000099990002e-05,10000,0.18811881188118812,0.33663366336633666,max_absolute_error_bootstrap,1.0,9.999000099990002e-05,Decreasing-order violation detected; increasing order is not established.
5,end,first,sampled,101,202,pain,slope,0.3118811881188119,0.23267326732673269,0.38613861386138615,percentile_bootstrap,False,False,9.999000099990002e-05,10000,,,,1.0,9.999000099990002e-05,Decreasing-order violation detected; increasing order is not established.
5,end,first,sampled,101,202,pain,curvature,0.21287128712871287,0.12871287128712872,0.297029702970297,percentile_bootstrap,False,False,9.999000099990002e-05,10000,,,,1.0,9.999000099990002e-05,Decreasing-order violation detected; increasing order is not established.
5,end,first,sampled,101,202,sadness,step_low,0.0,-0.27027230324849466,0.27027230324849466,hoeffding,True,True,1.0,10000,-0.2945722401160835,0.2945722401160835,max_absolute_error_with_bonferroni_hoeffding,1.0,0.5196368396562132,No order violation detected; this does not establish monotonicity.
5,end,first,sampled,101,202,sadness,step_high,0.16336633663366337,0.11386138613861387,0.21782178217821782,percentile_bootstrap,False,False,9.999000099990002e-05,10000,-0.13120590348242014,0.4579385767497469,max_absolute_error_with_bonferroni_hoeffding,1.0,0.5196368396562132,No order violation detected; this does not establish monotonicity.
5,end,first,sampled,101,202,sadness,slope,0.16336633663366337,0.11386138613861387,0.21782178217821782,percentile_bootstrap,False,False,9.999000099990002e-05,10000,,,,1.0,0.5196368396562132,No order violation detected; this does not establish monotonicity.
5,end,first,sampled,101,202,sadness,curvature,0.16336633663366337,0.11386138613861387,0.21782178217821782,percentile_bootstrap,False,False,9.999000099990002e-05,10000,,,,1.0,0.5196368396562132,No order violation detected; this does not establish monotonicity.
5,end,first,sampled,101,202,fear,step_low,0.0049504950495049506,0.0,0.01485148514851485,percentile_bootstrap,False,False,0.6355364463553644,10000,-0.07425742574257421,0.08415841584158412,max_absolute_error_bootstrap,1.0,9.999000099990002e-05,Decreasing-order violation detected; increasing order is not established.
5,end,first,sampled,101,202,fear,step_high,0.5495049504950495,0.4752475247524752,0.6287128712871287,percentile_bootstrap,False,False,9.999000099990002e-05,10000,0.4702970297029704,0.6287128712871287,max_absolute_error_bootstrap,1.0,9.999000099990002e-05,Decreasing-order violation detected; increasing order is not established.
5,end,first,sampled,101,202,fear,slope,0.5544554455445545,0.4801980198019802,0.6288366336633645,percentile_bootstrap,False,False,9.999000099990002e-05,10000,,,,1.0,9.999000099990002e-05,Decreasing-order violation detected; increasing order is not established.
5,end,first,sampled,101,202,fear,curvature,0.5445544554455446,0.46534653465346537,0.6237623762376238,percentile_bootstrap,False,False,9.999000099990002e-05,10000,,,,1.0,9.999000099990002e-05,Decreasing-order violation detected; increasing order is not established.
5,end,first,sampled,101,202,random,step_low,0.0049504950495049506,0.0,0.01485148514851485,percentile_bootstrap,False,False,0.624937506249375,10000,-0.03960396039603962,0.049504950495049514,max_absolute_error_bootstrap,1.0,0.00039996000399960006,Decreasing-order violation detected; increasing order is not established.
5,end,first,sampled,101,202,random,step_high,0.0891089108910891,0.04455445544554455,0.13861386138613863,percentile_bootstrap,False,False,0.00039996000399960006,10000,0.04455445544554454,0.13366336633663367,max_absolute_error_bootstrap,1.0,0.00039996000399960006,Decreasing-order violation detected; increasing order is not established.
5,end,first,sampled,101,202,random,slope,0.09405940594059406,0.04950495049504951,0.14356435643564355,percentile_bootstrap,False,False,0.0004999500049995,10000,,,,1.0,0.00039996000399960006,Decreasing-order violation detected; increasing order is not established.
5,end,first,sampled,101,202,random,curvature,0.08415841584158416,0.039603960396039604,0.13366336633663367,percentile_bootstrap,False,False,0.000999900009999,10000,,,,1.0,0.00039996000399960006,Decreasing-order violation detected; increasing order is not established.
5,end,second,sampled,101,202,pain,step_low,0.0297029702970297,0.009900990099009901,0.0594059405940594,percentile_bootstrap,False,False,0.036896310368963105,10000,-0.039603960396039584,0.09900990099009899,max_absolute_error_bootstrap,1.0,9.999000099990002e-05,Decreasing-order violation detected; increasing order is not established.
5,end,second,sampled,101,202,pain,step_high,0.23267326732673269,0.16336633663366337,0.30198019801980197,percentile_bootstrap,False,False,9.999000099990002e-05,10000,0.1633663366336634,0.30198019801980197,max_absolute_error_bootstrap,1.0,9.999000099990002e-05,Decreasing-order violation detected; increasing order is not established.
5,end,second,sampled,101,202,pain,slope,0.2623762376237624,0.19801980198019803,0.3316831683168317,percentile_bootstrap,False,False,9.999000099990002e-05,10000,,,,1.0,9.999000099990002e-05,Decreasing-order violation detected; increasing order is not established.
5,end,second,sampled,101,202,pain,curvature,0.20297029702970298,0.12376237623762376,0.28217821782178215,percentile_bootstrap,False,False,9.999000099990002e-05,10000,,,,1.0,9.999000099990002e-05,Decreasing-order violation detected; increasing order is not established.
5,end,second,sampled,101,202,sadness,step_low,0.034653465346534656,-0.0049504950495049506,0.06930693069306931,percentile_bootstrap,False,False,0.08149185081491851,10000,-0.004950495049504948,0.07425742574257427,max_absolute_error_bootstrap,0.11188881111888811,0.044995500449955005,Decreasing-order violation detected; increasing order is not established.
5,end,second,sampled,101,202,sadness,step_high,-0.0297029702970297,-0.0594059405940594,0.0,percentile_bootstrap,False,False,0.0683931606839316,10000,-0.06930693069306931,0.009900990099009903,max_absolute_error_bootstrap,0.11188881111888811,0.044995500449955005,Decreasing-order violation detected; increasing order is not established.
5,end,second,sampled,101,202,sadness,slope,0.0049504950495049506,-0.0297029702970297,0.034653465346534656,percentile_bootstrap,False,False,0.8686131386861314,10000,,,,0.11188881111888811,0.044995500449955005,Decreasing-order violation detected; increasing order is not established.
5,end,second,sampled,101,202,sadness,curvature,-0.06435643564356436,-0.12376237623762376,-0.009900990099009901,percentile_bootstrap,False,False,0.038896110388961104,10000,,,,0.11188881111888811,0.044995500449955005,Decreasing-order violation detected; increasing order is not established.
5,end,second,sampled,101,202,fear,step_low,0.0049504950495049506,0.0,0.01485148514851485,percentile_bootstrap,False,False,0.6295370462953704,10000,-0.02475247524752475,0.03465346534653465,max_absolute_error_bootstrap,1.0,0.0100989901009899,Decreasing-order violation detected; increasing order is not established.
5,end,second,sampled,101,202,fear,step_high,0.039603960396039604,0.01485148514851485,0.06930693069306931,percentile_bootstrap,False,False,0.010698930106989302,10000,0.009900990099009903,0.06930693069306931,max_absolute_error_bootstrap,1.0,0.0100989901009899,Decreasing-order violation detected; increasing order is not established.
5,end,second,sampled,101,202,fear,slope,0.04455445544554455,0.01485148514851485,0.07425742574257425,percentile_bootstrap,False,False,0.0065993400659934,10000,,,,1.0,0.0100989901009899,Decreasing-order violation detected; increasing order is not established.
5,end,second,sampled,101,202,fear,curvature,0.034653465346534656,0.0049504950495049506,0.06930693069306931,percentile_bootstrap,False,False,0.038396160383961604,10000,,,,1.0,0.0100989901009899,Decreasing-order violation detected; increasing order is not established.
5,end,second,sampled,101,202,random,step_low,0.0,-0.27027230324849466,0.27027230324849466,hoeffding,True,True,1.0,10000,-0.2945722401160835,0.2945722401160835,max_absolute_error_with_bonferroni_hoeffding,1.0,1.0,No order violation detected; this does not establish monotonicity.
5,end,second,sampled,101,202,random,step_high,0.04455445544554455,0.009900990099009901,0.08415841584158416,percentile_bootstrap,False,False,0.024297570242975703,10000,-0.250017784670539,0.33912669556162806,max_absolute_error_with_bonferroni_hoeffding,1.0,1.0,No order violation detected; this does not establish monotonicity.
5,end,second,sampled,101,202,random,slope,0.04455445544554455,0.009900990099009901,0.08415841584158416,percentile_bootstrap,False,False,0.024297570242975703,10000,,,,1.0,1.0,No order violation detected; this does not establish monotonicity.
5,end,second,sampled,101,202,random,curvature,0.04455445544554455,0.009900990099009901,0.08415841584158416,percentile_bootstrap,False,False,0.024297570242975703,10000,,,,1.0,1.0,No order violation detected; this does not establish monotonicity.
5,end,pooled,sampled,101,404,pain,step_low,0.039603960396039604,0.019801980198019802,0.06188118811881188,percentile_bootstrap,False,False,0.000999900009999,10000,-0.004950495049504934,0.08415841584158415,max_absolute_error_bootstrap,1.0,9.999000099990002e-05,Decreasing-order violation detected; increasing order is not established.
5,end,pooled,sampled,101,404,pain,step_high,0.24752475247524752,0.20297029702970298,0.29207920792079206,percentile_bootstrap,False,False,9.999000099990002e-05,10000,0.20297029702970298,0.29207920792079206,max_absolute_error_bootstrap,1.0,9.999000099990002e-05,Decreasing-order violation detected; increasing order is not established.
5,end,pooled,sampled,101,404,pain,slope,0.2871287128712871,0.24504950495049505,0.3292079207920792,percentile_bootstrap,False,False,9.999000099990002e-05,10000,,,,1.0,9.999000099990002e-05,Decreasing-order violation detected; increasing order is not established.
5,end,pooled,sampled,101,404,pain,curvature,0.2079207920792079,0.15346534653465346,0.2599009900990099,percentile_bootstrap,False,False,9.999000099990002e-05,10000,,,,1.0,9.999000099990002e-05,Decreasing-order violation detected; increasing order is not established.
5,end,pooled,sampled,101,404,sadness,step_low,0.017326732673267328,-0.0024752475247524753,0.034653465346534656,percentile_bootstrap,False,False,0.08149185081491851,10000,-0.012376237623762373,0.04702970297029703,max_absolute_error_bootstrap,1.0,9.999000099990002e-05,Decreasing-order violation detected; increasing order is not established.
5,end,pooled,sampled,101,404,sadness,step_high,0.06683168316831684,0.03712871287128713,0.09653465346534654,percentile_bootstrap,False,False,9.999000099990002e-05,10000,0.037128712871287134,0.09653465346534654,max_absolute_error_bootstrap,1.0,9.999000099990002e-05,Decreasing-order violation detected; increasing order is not established.
5,end,pooled,sampled,101,404,sadness,slope,0.08415841584158416,0.05693069306930693,0.11138613861386139,percentile_bootstrap,False,False,9.999000099990002e-05,10000,,,,1.0,9.999000099990002e-05,Decreasing-order violation detected; increasing order is not established.
5,end,pooled,sampled,101,404,sadness,curvature,0.04950495049504951,0.009900990099009901,0.0891089108910891,percentile_bootstrap,False,False,0.0168983101689831,10000,,,,1.0,9.999000099990002e-05,Decreasing-order violation detected; increasing order is not established.
5,end,pooled,sampled,101,404,fear,step_low,0.0049504950495049506,0.0,0.012376237623762377,percentile_bootstrap,False,False,0.2685731426857314,10000,-0.032178217821782214,0.04207920792079211,max_absolute_error_bootstrap,1.0,9.999000099990002e-05,Decreasing-order violation detected; increasing order is not established.
5,end,pooled,sampled,101,404,fear,step_high,0.29455445544554454,0.25742574257425743,0.3316831683168317,percentile_bootstrap,False,False,9.999000099990002e-05,10000,0.2574257425742574,0.3316831683168317,max_absolute_error_bootstrap,1.0,9.999000099990002e-05,Decreasing-order violation detected; increasing order is not established.
5,end,pooled,sampled,101,404,fear,slope,0.2995049504950495,0.2623762376237624,0.33663366336633666,percentile_bootstrap,False,False,9.999000099990002e-05,10000,,,,1.0,9.999000099990002e-05,Decreasing-order violation detected; increasing order is not established.
5,end,pooled,sampled,101,404,fear,curvature,0.2896039603960396,0.25,0.32673267326732675,percentile_bootstrap,False,False,9.999000099990002e-05,10000,,,,1.0,9.999000099990002e-05,Decreasing-order violation detected; increasing order is not established.
5,end,pooled,sampled,101,404,random,step_low,0.0024752475247524753,0.0,0.007425742574257425,percentile_bootstrap,False,False,0.624937506249375,10000,-0.024752475247524757,0.029702970297029705,max_absolute_error_bootstrap,1.0,0.00019998000199980003,Decreasing-order violation detected; increasing order is not established.
5,end,pooled,sampled,101,404,random,step_high,0.06683168316831684,0.039603960396039604,0.09653465346534654,percentile_bootstrap,False,False,0.00019998000199980003,10000,0.039603960396039604,0.09405940594059406,max_absolute_error_bootstrap,1.0,0.00019998000199980003,Decreasing-order violation detected; increasing order is not established.
5,end,pooled,sampled,101,404,random,slope,0.06930693069306931,0.04207920792079208,0.09900990099009901,percentile_bootstrap,False,False,0.00019998000199980003,10000,,,,1.0,0.00019998000199980003,Decreasing-order violation detected; increasing order is not established.
5,end,pooled,sampled,101,404,random,curvature,0.06435643564356436,0.03712871287128713,0.09405940594059406,percentile_bootstrap,False,False,0.00019998000199980003,10000,,,,1.0,0.00019998000199980003,Decreasing-order violation detected; increasing order is not established.
6,deceive,first,sampled,101,202,pain,step_low,0.0,-0.27027230324849466,0.27027230324849466,hoeffding,True,True,1.0,10000,-0.2945722401160835,0.2945722401160835,max_absolute_error_with_bonferroni_hoeffding,1.0,1.0,No order violation detected; this does not establish monotonicity.
6,deceive,first,sampled,101,202,pain,step_high,0.0594059405940594,0.024752475247524754,0.09900990099009901,percentile_bootstrap,False,False,0.0031996800319968005,10000,-0.2351662995220241,0.3539781807101429,max_absolute_error_with_bonferroni_hoeffding,1.0,1.0,No order violation detected; this does not establish monotonicity.
6,deceive,first,sampled,101,202,pain,slope,0.0594059405940594,0.024752475247524754,0.09900990099009901,percentile_bootstrap,False,False,0.0031996800319968005,10000,,,,1.0,1.0,No order violation detected; this does not establish monotonicity.
6,deceive,first,sampled,101,202,pain,curvature,0.0594059405940594,0.024752475247524754,0.09900990099009901,percentile_bootstrap,False,False,0.0031996800319968005,10000,,,,1.0,1.0,No order violation detected; this does not establish monotonicity.
6,deceive,first,sampled,101,202,sadness,step_low,0.0,-0.27027230324849466,0.27027230324849466,hoeffding,True,True,1.0,10000,-0.2945722401160835,0.2945722401160835,max_absolute_error_with_bonferroni_hoeffding,1.0,0.30444082003113937,No order violation detected; this does not establish monotonicity.
6,deceive,first,sampled,101,202,sadness,step_high,0.19306930693069307,0.13861386138613863,0.24752475247524752,percentile_bootstrap,False,False,9.999000099990002e-05,10000,-0.10150293318539044,0.4876415470467766,max_absolute_error_with_bonferroni_hoeffding,1.0,0.30444082003113937,No order violation detected; this does not establish monotonicity.
6,deceive,first,sampled,101,202,sadness,slope,0.19306930693069307,0.13861386138613863,0.24752475247524752,percentile_bootstrap,False,False,9.999000099990002e-05,10000,,,,1.0,0.30444082003113937,No order violation detected; this does not establish monotonicity.
6,deceive,first,sampled,101,202,sadness,curvature,0.19306930693069307,0.13861386138613863,0.24752475247524752,percentile_bootstrap,False,False,9.999000099990002e-05,10000,,,,1.0,0.30444082003113937,No order violation detected; this does not establish monotonicity.
6,deceive,first,sampled,101,202,fear,step_low,0.019801980198019802,0.0049504950495049506,0.039603960396039604,percentile_bootstrap,False,False,0.060693930606939304,10000,-0.05445544554455441,0.09405940594059402,max_absolute_error_bootstrap,1.0,9.999000099990002e-05,Decreasing-order violation detected; increasing order is not established.
6,deceive,first,sampled,101,202,fear,step_high,0.6336633663366337,0.5594059405940595,0.7079207920792079,percentile_bootstrap,False,False,9.999000099990002e-05,10000,0.5594059405940595,0.7079207920792079,max_absolute_error_bootstrap,1.0,9.999000099990002e-05,Decreasing-order violation detected; increasing order is not established.
6,deceive,first,sampled,101,202,fear,slope,0.6534653465346535,0.5792079207920792,0.7277227722772277,percentile_bootstrap,False,False,9.999000099990002e-05,10000,,,,1.0,9.999000099990002e-05,Decreasing-order violation detected; increasing order is not established.
6,deceive,first,sampled,101,202,fear,curvature,0.6138613861386139,0.5346534653465347,0.693069306930693,percentile_bootstrap,False,False,9.999000099990002e-05,10000,,,,1.0,9.999000099990002e-05,Decreasing-order violation detected; increasing order is not established.
6,deceive,first,sampled,101,202,random,step_low,0.0049504950495049506,0.0,0.01485148514851485,percentile_bootstrap,False,False,0.6328367163283671,10000,-0.06930693069306931,0.07920792079207922,max_absolute_error_bootstrap,1.0,9.999000099990002e-05,Decreasing-order violation detected; increasing order is not established.
6,deceive,first,sampled,101,202,random,step_high,0.24752475247524752,0.17326732673267325,0.3217821782178218,percentile_bootstrap,False,False,9.999000099990002e-05,10000,0.17326732673267325,0.3217821782178218,max_absolute_error_bootstrap,1.0,9.999000099990002e-05,Decreasing-order violation detected; increasing order is not established.
6,deceive,first,sampled,101,202,random,slope,0.2524752475247525,0.1782178217821782,0.3316831683168317,percentile_bootstrap,False,False,9.999000099990002e-05,10000,,,,1.0,9.999000099990002e-05,Decreasing-order violation detected; increasing order is not established.
6,deceive,first,sampled,101,202,random,curvature,0.24257425742574257,0.16831683168316833,0.31683168316831684,percentile_bootstrap,False,False,9.999000099990002e-05,10000,,,,1.0,9.999000099990002e-05,Decreasing-order violation detected; increasing order is not established.
6,deceive,second,sampled,101,202,pain,step_low,0.0049504950495049506,0.0,0.01485148514851485,percentile_bootstrap,False,False,0.6295370462953704,10000,-0.059405940594059466,0.06930693069306937,max_absolute_error_bootstrap,1.0,9.999000099990002e-05,Decreasing-order violation detected; increasing order is not established.
6,deceive,second,sampled,101,202,pain,step_high,0.7277227722772277,0.6584158415841584,0.7920792079207921,percentile_bootstrap,False,False,9.999000099990002e-05,10000,0.6633663366336633,0.7920792079207921,max_absolute_error_bootstrap,1.0,9.999000099990002e-05,Decreasing-order violation detected; increasing order is not established.
6,deceive,second,sampled,101,202,pain,slope,0.7326732673267327,0.6683168316831684,0.7970297029702971,percentile_bootstrap,False,False,9.999000099990002e-05,10000,,,,1.0,9.999000099990002e-05,Decreasing-order violation detected; increasing order is not established.
6,deceive,second,sampled,101,202,pain,curvature,0.7227722772277227,0.6534653465346535,0.7871287128712872,percentile_bootstrap,False,False,9.999000099990002e-05,10000,,,,1.0,9.999000099990002e-05,Decreasing-order violation detected; increasing order is not established.
6,deceive,second,sampled,101,202,sadness,step_low,0.0,-0.27027230324849466,0.27027230324849466,hoeffding,True,True,1.0,10000,-0.2945722401160835,0.2945722401160835,max_absolute_error_with_bonferroni_hoeffding,1.0,1.0,No order violation detected; this does not establish monotonicity.
6,deceive,second,sampled,101,202,sadness,step_high,0.04950495049504951,0.024752475247524754,0.07920792079207921,percentile_bootstrap,False,False,0.0015998400159984002,10000,-0.24506728962103402,0.344077190611133,max_absolute_error_with_bonferroni_hoeffding,1.0,1.0,No order violation detected; this does not establish monotonicity.
6,deceive,second,sampled,101,202,sadness,slope,0.04950495049504951,0.024752475247524754,0.07920792079207921,percentile_bootstrap,False,False,0.0015998400159984002,10000,,,,1.0,1.0,No order violation detected; this does not establish monotonicity.
6,deceive,second,sampled,101,202,sadness,curvature,0.04950495049504951,0.024752475247524754,0.07920792079207921,percentile_bootstrap,False,False,0.0015998400159984002,10000,,,,1.0,1.0,No order violation detected; this does not establish monotonicity.
6,deceive,second,sampled,101,202,fear,step_low,0.0,-0.27027230324849466,0.27027230324849466,hoeffding,True,True,1.0,10000,-0.2945722401160835,0.2945722401160835,max_absolute_error_with_bonferroni_hoeffding,1.0,1.0,No order violation detected; this does not establish monotonicity.
6,deceive,second,sampled,101,202,fear,step_high,0.07920792079207921,0.039603960396039604,0.12376237623762376,percentile_bootstrap,False,False,0.0005999400059994001,10000,-0.2153643193240043,0.37378016090816274,max_absolute_error_with_bonferroni_hoeffding,1.0,1.0,No order violation detected; this does not establish monotonicity.
6,deceive,second,sampled,101,202,fear,slope,0.07920792079207921,0.039603960396039604,0.12376237623762376,percentile_bootstrap,False,False,0.0005999400059994001,10000,,,,1.0,1.0,No order violation detected; this does not establish monotonicity.
6,deceive,second,sampled,101,202,fear,curvature,0.07920792079207921,0.039603960396039604,0.12376237623762376,percentile_bootstrap,False,False,0.0005999400059994001,10000,,,,1.0,1.0,No order violation detected; this does not establish monotonicity.
6,deceive,second,sampled,101,202,random,step_low,0.0297029702970297,0.0049504950495049506,0.0594059405940594,percentile_bootstrap,False,False,0.039896010398960104,10000,-0.02475247524752476,0.08415841584158416,max_absolute_error_bootstrap,1.0,0.0029997000299970002,Decreasing-order violation detected; increasing order is not established.
6,deceive,second,sampled,101,202,random,step_high,0.08415841584158416,0.034653465346534656,0.13861386138613863,percentile_bootstrap,False,False,0.0035996400359964,10000,0.0297029702970297,0.13861386138613863,max_absolute_error_bootstrap,1.0,0.0029997000299970002,Decreasing-order violation detected; increasing order is not established.
6,deceive,second,sampled,101,202,random,slope,0.11386138613861387,0.06435643564356436,0.16831683168316833,percentile_bootstrap,False,False,0.00019998000199980003,10000,,,,1.0,0.0029997000299970002,Decreasing-order violation detected; increasing order is not established.
6,deceive,second,sampled,101,202,random,curvature,0.054455445544554455,-0.01485148514851485,0.1188118811881188,percentile_bootstrap,False,False,0.11828817118288171,10000,,,,1.0,0.0029997000299970002,Decreasing-order violation detected; increasing order is not established.
6,deceive,pooled,sampled,101,404,pain,step_low,0.0024752475247524753,0.0,0.007425742574257425,percentile_bootstrap,False,False,0.6295370462953704,10000,-0.03217821782178221,0.03712871287128716,max_absolute_error_bootstrap,1.0,9.999000099990002e-05,Decreasing-order violation detected; increasing order is not established.
6,deceive,pooled,sampled,101,404,pain,step_high,0.3935643564356436,0.3589108910891089,0.4282178217821782,percentile_bootstrap,False,False,9.999000099990002e-05,10000,0.3589108910891089,0.42821782178217827,max_absolute_error_bootstrap,1.0,9.999000099990002e-05,Decreasing-order violation detected; increasing order is not established.
6,deceive,pooled,sampled,101,404,pain,slope,0.39603960396039606,0.3613861386138614,0.4282178217821782,percentile_bootstrap,False,False,9.999000099990002e-05,10000,,,,1.0,9.999000099990002e-05,Decreasing-order violation detected; increasing order is not established.
6,deceive,pooled,sampled,101,404,pain,curvature,0.3910891089108911,0.35396039603960394,0.42574257425742573,percentile_bootstrap,False,False,9.999000099990002e-05,10000,,,,1.0,9.999000099990002e-05,Decreasing-order violation detected; increasing order is not established.
6,deceive,pooled,sampled,101,404,sadness,step_low,0.0,-0.27027230324849466,0.27027230324849466,hoeffding,True,True,1.0,10000,-0.2945722401160835,0.2945722401160835,max_absolute_error_with_bonferroni_hoeffding,1.0,0.951480122839347,No order violation detected; this does not establish monotonicity.
6,deceive,pooled,sampled,101,404,sadness,step_high,0.12128712871287128,0.09405940594059406,0.1485148514851485,percentile_bootstrap,False,False,9.999000099990002e-05,10000,-0.17328511140321223,0.4158593688289548,max_absolute_error_with_bonferroni_hoeffding,1.0,0.951480122839347,No order violation detected; this does not establish monotonicity.
6,deceive,pooled,sampled,101,404,sadness,slope,0.12128712871287128,0.09405940594059406,0.1485148514851485,percentile_bootstrap,False,False,9.999000099990002e-05,10000,,,,1.0,0.951480122839347,No order violation detected; this does not establish monotonicity.
6,deceive,pooled,sampled,101,404,sadness,curvature,0.12128712871287128,0.09405940594059406,0.1485148514851485,percentile_bootstrap,False,False,9.999000099990002e-05,10000,,,,1.0,0.951480122839347,No order violation detected; this does not establish monotonicity.
6,deceive,pooled,sampled,101,404,fear,step_low,0.009900990099009901,0.0024752475247524753,0.019801980198019802,percentile_bootstrap,False,False,0.060693930606939304,10000,-0.03217821782178216,0.051980198019801964,max_absolute_error_bootstrap,1.0,9.999000099990002e-05,Decreasing-order violation detected; increasing order is not established.
6,deceive,pooled,sampled,101,404,fear,step_high,0.3564356435643564,0.31435643564356436,0.39603960396039606,percentile_bootstrap,False,False,9.999000099990002e-05,10000,0.31435643564356436,0.3985148514851485,max_absolute_error_bootstrap,1.0,9.999000099990002e-05,Decreasing-order violation detected; increasing order is not established.
6,deceive,pooled,sampled,101,404,fear,slope,0.36633663366336633,0.32425742574257427,0.40594059405940597,percentile_bootstrap,False,False,9.999000099990002e-05,10000,,,,1.0,9.999000099990002e-05,Decreasing-order violation detected; increasing order is not established.
6,deceive,pooled,sampled,101,404,fear,curvature,0.3465346534653465,0.30198019801980197,0.3886138613861386,percentile_bootstrap,False,False,9.999000099990002e-05,10000,,,,1.0,9.999000099990002e-05,Decreasing-order violation detected; increasing order is not established.
6,deceive,pooled,sampled,101,404,random,step_low,0.017326732673267328,0.0049504950495049506,0.034653465346534656,percentile_bootstrap,False,False,0.039196080391960805,10000,-0.024752475247524733,0.05940594059405939,max_absolute_error_bootstrap,1.0,9.999000099990002e-05,Decreasing-order violation detected; increasing order is not established.
6,deceive,pooled,sampled,101,404,random,step_high,0.16584158415841585,0.12623762376237624,0.2079207920792079,percentile_bootstrap,False,False,9.999000099990002e-05,10000,0.12376237623762379,0.2079207920792079,max_absolute_error_bootstrap,1.0,9.999000099990002e-05,Decreasing-order violation detected; increasing order is not established.
6,deceive,pooled,sampled,101,404,random,slope,0.18316831683168316,0.14108910891089108,0.22772277227722773,percentile_bootstrap,False,False,9.999000099990002e-05,10000,,,,1.0,9.999000099990002e-05,Decreasing-order violation detected; increasing order is not established.
6,deceive,pooled,sampled,101,404,random,curvature,0.1485148514851485,0.10643564356435643,0.19306930693069307,percentile_bootstrap,False,False,9.999000099990002e-05,10000,,,,1.0,9.999000099990002e-05,Decreasing-order violation detected; increasing order is not established.
7,harmful_request_compliance,first,sampled,41,82,pain,step_low,0.4024390243902439,0.2682926829268293,0.5365853658536586,percentile_bootstrap,False,False,9.999000099990002e-05,10000,0.25609756097560976,0.5487804878048781,max_absolute_error_bootstrap,0.020897910208979104,9.999000099990002e-05,Evidence of violations of both increasing and decreasing order (dose reversal).
7,harmful_request_compliance,first,sampled,41,82,pain,step_high,-0.15853658536585366,-0.2804878048780488,-0.036585365853658534,percentile_bootstrap,False,False,0.019598040195980403,10000,-0.30487804878048785,-0.012195121951219495,max_absolute_error_bootstrap,0.020897910208979104,9.999000099990002e-05,Evidence of violations of both increasing and decreasing order (dose reversal).
7,harmful_request_compliance,first,sampled,41,82,pain,slope,0.24390243902439024,0.10975609756097561,0.3780487804878049,percentile_bootstrap,False,False,0.0004999500049995,10000,,,,0.020897910208979104,9.999000099990002e-05,Evidence of violations of both increasing and decreasing order (dose reversal).
7,harmful_request_compliance,first,sampled,41,82,pain,curvature,-0.5609756097560976,-0.7926829268292683,-0.34146341463414637,percentile_bootstrap,False,False,9.999000099990002e-05,10000,,,,0.020897910208979104,9.999000099990002e-05,Evidence of violations of both increasing and decreasing order (dose reversal).
7,harmful_request_compliance,first,sampled,41,82,sadness,step_low,0.47560975609756095,0.34146341463414637,0.6097560975609756,percentile_bootstrap,False,False,9.999000099990002e-05,10000,0.3292682926829268,0.6219512195121951,max_absolute_error_bootstrap,1.0,9.999000099990002e-05,Decreasing-order violation detected; increasing order is not established.
7,harmful_request_compliance,first,sampled,41,82,sadness,step_high,0.3780487804878049,0.25609756097560976,0.5,percentile_bootstrap,False,False,9.999000099990002e-05,10000,0.23170731707317074,0.524390243902439,max_absolute_error_bootstrap,1.0,9.999000099990002e-05,Decreasing-order violation detected; increasing order is not established.
7,harmful_request_compliance,first,sampled,41,82,sadness,slope,0.8536585365853658,0.7439024390243902,0.9512195121951219,percentile_bootstrap,False,False,9.999000099990002e-05,10000,,,,1.0,9.999000099990002e-05,Decreasing-order violation detected; increasing order is not established.
7,harmful_request_compliance,first,sampled,41,82,sadness,curvature,-0.0975609756097561,-0.32926829268292684,0.14634146341463414,percentile_bootstrap,False,False,0.45925407459254075,10000,,,,1.0,9.999000099990002e-05,Decreasing-order violation detected; increasing order is not established.
7,harmful_request_compliance,first,sampled,41,82,fear,step_low,0.35365853658536583,0.23170731707317074,0.4878048780487805,percentile_bootstrap,False,False,9.999000099990002e-05,10000,0.20731707317073167,0.5,max_absolute_error_bootstrap,1.0,9.999000099990002e-05,Decreasing-order violation detected; increasing order is not established.
7,harmful_request_compliance,first,sampled,41,82,fear,step_high,0.5121951219512195,0.3780487804878049,0.6463414634146342,percentile_bootstrap,False,False,9.999000099990002e-05,10000,0.36585365853658536,0.6585365853658537,max_absolute_error_bootstrap,1.0,9.999000099990002e-05,Decreasing-order violation detected; increasing order is not established.
7,harmful_request_compliance,first,sampled,41,82,fear,slope,0.8658536585365854,0.7560975609756098,0.9512195121951219,percentile_bootstrap,False,False,9.999000099990002e-05,10000,,,,1.0,9.999000099990002e-05,Decreasing-order violation detected; increasing order is not established.
7,harmful_request_compliance,first,sampled,41,82,fear,curvature,0.15853658536585366,-0.08536585365853659,0.3902439024390244,percentile_bootstrap,False,False,0.21387861213878612,10000,,,,1.0,9.999000099990002e-05,Decreasing-order violation detected; increasing order is not established.
7,harmful_request_compliance,first,sampled,41,82,random,step_low,0.24390243902439024,0.12195121951219512,0.36585365853658536,percentile_bootstrap,False,False,0.00039996000399960006,10000,0.09756097560975607,0.3902439024390244,max_absolute_error_bootstrap,1.0,9.999000099990002e-05,Decreasing-order violation detected; increasing order is not established.
7,harmful_request_compliance,first,sampled,41,82,random,step_high,0.4146341463414634,0.2804878048780488,0.5609756097560976,percentile_bootstrap,False,False,9.999000099990002e-05,10000,0.26829268292682923,0.5609756097560976,max_absolute_error_bootstrap,1.0,9.999000099990002e-05,Decreasing-order violation detected; increasing order is not established.
7,harmful_request_compliance,first,sampled,41,82,random,slope,0.6585365853658537,0.5121951219512195,0.7926829268292683,percentile_bootstrap,False,False,9.999000099990002e-05,10000,,,,1.0,9.999000099990002e-05,Decreasing-order violation detected; increasing order is not established.
7,harmful_request_compliance,first,sampled,41,82,random,curvature,0.17073170731707318,-0.04878048780487805,0.3902439024390244,percentile_bootstrap,False,False,0.1476852314768523,10000,,,,1.0,9.999000099990002e-05,Decreasing-order violation detected; increasing order is not established.
7,harmful_request_compliance,second,sampled,41,82,pain,step_low,0.35365853658536583,0.1951219512195122,0.5,percentile_bootstrap,False,False,9.999000099990002e-05,10000,0.18292682926829268,0.524390243902439,max_absolute_error_bootstrap,1.0,9.999000099990002e-05,Decreasing-order violation detected; increasing order is not established.
7,harmful_request_compliance,second,sampled,41,82,pain,step_high,0.12195121951219512,-0.012195121951219513,0.2682926829268293,percentile_bootstrap,False,False,0.10648935106489352,10000,-0.04878048780487804,0.2926829268292683,max_absolute_error_bootstrap,1.0,9.999000099990002e-05,Decreasing-order violation detected; increasing order is not established.
7,harmful_request_compliance,second,sampled,41,82,pain,slope,0.47560975609756095,0.3048780487804878,0.6341463414634146,percentile_bootstrap,False,False,9.999000099990002e-05,10000,,,,1.0,9.999000099990002e-05,Decreasing-order violation detected; increasing order is not established.
7,harmful_request_compliance,second,sampled,41,82,pain,curvature,-0.23170731707317074,-0.47560975609756095,0.012195121951219513,percentile_bootstrap,False,False,0.06529347065293471,10000,,,,1.0,9.999000099990002e-05,Decreasing-order violation detected; increasing order is not established.
7,harmful_request_compliance,second,sampled,41,82,sadness,step_low,0.35365853658536583,0.21951219512195122,0.4878048780487805,percentile_bootstrap,False,False,9.999000099990002e-05,10000,0.20670731707317958,0.5006097560975521,max_absolute_error_bootstrap,0.0005999400059994001,9.999000099990002e-05,Evidence of violations of both increasing and decreasing order (dose reversal).
7,harmful_request_compliance,second,sampled,41,82,sadness,step_high,-0.23170731707317074,-0.3780487804878049,-0.0975609756097561,percentile_bootstrap,False,False,0.0007999200079992001,10000,-0.378658536585357,-0.08475609756098448,max_absolute_error_bootstrap,0.0005999400059994001,9.999000099990002e-05,Evidence of violations of both increasing and decreasing order (dose reversal).
7,harmful_request_compliance,second,sampled,41,82,sadness,slope,0.12195121951219512,0.024390243902439025,0.23170731707317074,percentile_bootstrap,False,False,0.0301969803019698,10000,,,,0.0005999400059994001,9.999000099990002e-05,Evidence of violations of both increasing and decreasing order (dose reversal).
7,harmful_request_compliance,second,sampled,41,82,sadness,curvature,-0.5853658536585366,-0.8414634146341463,-0.3411585365853703,percentile_bootstrap,False,False,9.999000099990002e-05,10000,,,,0.0005999400059994001,9.999000099990002e-05,Evidence of violations of both increasing and decreasing order (dose reversal).
7,harmful_request_compliance,second,sampled,41,82,fear,step_low,0.14634146341463414,0.036585365853658534,0.25609756097560976,percentile_bootstrap,False,False,0.0122987701229877,10000,0.012195121951219468,0.2804878048780488,max_absolute_error_bootstrap,0.6417358264173583,0.028097190280971903,Decreasing-order violation detected; increasing order is not established.
7,harmful_request_compliance,second,sampled,41,82,fear,step_high,-0.024390243902439025,-0.15853658536585366,0.10975609756097561,percentile_bootstrap,False,False,0.7888211178882112,10000,-0.1585365853658537,0.10975609756097565,max_absolute_error_bootstrap,0.6417358264173583,0.028097190280971903,Decreasing-order violation detected; increasing order is not established.
7,harmful_request_compliance,second,sampled,41,82,fear,slope,0.12195121951219512,0.0,0.25609756097560976,percentile_bootstrap,False,False,0.0736926307369263,10000,,,,0.6417358264173583,0.028097190280971903,Decreasing-order violation detected; increasing order is not established.
7,harmful_request_compliance,second,sampled,41,82,fear,curvature,-0.17073170731707318,-0.3902439024390244,0.024390243902439025,percentile_bootstrap,False,False,0.12118788121187882,10000,,,,0.6417358264173583,0.028097190280971903,Decreasing-order violation detected; increasing order is not established.
7,harmful_request_compliance,second,sampled,41,82,random,step_low,0.2682926829268293,0.12195121951219512,0.4146341463414634,percentile_bootstrap,False,False,0.0005999400059994001,10000,0.1097560975609756,0.426829268292683,max_absolute_error_bootstrap,1.0,0.0005999400059994001,Decreasing-order violation detected; increasing order is not established.
7,harmful_request_compliance,second,sampled,41,82,random,step_high,0.23170731707317074,0.08536585365853659,0.3780487804878049,percentile_bootstrap,False,False,0.0025997400259974,10000,0.07317073170731705,0.3902439024390244,max_absolute_error_bootstrap,1.0,0.0005999400059994001,Decreasing-order violation detected; increasing order is not established.
7,harmful_request_compliance,second,sampled,41,82,random,slope,0.5,0.35365853658536583,0.6341463414634146,percentile_bootstrap,False,False,9.999000099990002e-05,10000,,,,1.0,0.0005999400059994001,Decreasing-order violation detected; increasing order is not established.
7,harmful_request_compliance,second,sampled,41,82,random,curvature,-0.036585365853658534,-0.2926829268292683,0.21951219512195122,percentile_bootstrap,False,False,0.8098190180981902,10000,,,,1.0,0.0005999400059994001,Decreasing-order violation detected; increasing order is not established.
7,harmful_request_compliance,pooled,sampled,41,164,pain,step_low,0.3780487804878049,0.25609756097560976,0.5,percentile_bootstrap,False,False,9.999000099990002e-05,10000,0.25609756097560976,0.5,max_absolute_error_bootstrap,0.7190280971902809,9.999000099990002e-05,Decreasing-order violation detected; increasing order is not established.
7,harmful_request_compliance,pooled,sampled,41,164,pain,step_high,-0.018292682926829267,-0.11585365853658537,0.07926829268292683,percentile_bootstrap,False,False,0.7565243475652434,10000,-0.1402439024390244,0.10365853658536586,max_absolute_error_bootstrap,0.7190280971902809,9.999000099990002e-05,Decreasing-order violation detected; increasing order is not established.
7,harmful_request_compliance,pooled,sampled,41,164,pain,slope,0.3597560975609756,0.25609756097560976,0.45121951219512196,percentile_bootstrap,False,False,9.999000099990002e-05,10000,,,,0.7190280971902809,9.999000099990002e-05,Decreasing-order violation detected; increasing order is not established.
7,harmful_request_compliance,pooled,sampled,41,164,pain,curvature,-0.39634146341463417,-0.5914634146341463,-0.1951219512195122,percentile_bootstrap,False,False,9.999000099990002e-05,10000,,,,0.7190280971902809,9.999000099990002e-05,Decreasing-order violation detected; increasing order is not established.
7,harmful_request_compliance,pooled,sampled,41,164,sadness,step_low,0.4146341463414634,0.3048780487804878,0.524390243902439,percentile_bootstrap,False,False,9.999000099990002e-05,10000,0.298780487804878,0.5304878048780488,max_absolute_error_bootstrap,1.0,9.999000099990002e-05,Decreasing-order violation detected; increasing order is not established.
7,harmful_request_compliance,pooled,sampled,41,164,sadness,step_high,0.07317073170731707,-0.024390243902439025,0.17073170731707318,percentile_bootstrap,False,False,0.1663833616638336,10000,-0.042682926829268344,0.1890243902439025,max_absolute_error_bootstrap,1.0,9.999000099990002e-05,Decreasing-order violation detected; increasing order is not established.
7,harmful_request_compliance,pooled,sampled,41,164,sadness,slope,0.4878048780487805,0.4024390243902439,0.5670731707317073,percentile_bootstrap,False,False,9.999000099990002e-05,10000,,,,1.0,9.999000099990002e-05,Decreasing-order violation detected; increasing order is not established.
7,harmful_request_compliance,pooled,sampled,41,164,sadness,curvature,-0.34146341463414637,-0.5304878048780488,-0.1524390243902439,percentile_bootstrap,False,False,0.0005999400059994001,10000,,,,1.0,9.999000099990002e-05,Decreasing-order violation detected; increasing order is not established.
7,harmful_request_compliance,pooled,sampled,41,164,fear,step_low,0.25,0.16463414634146342,0.34146341463414637,percentile_bootstrap,False,False,9.999000099990002e-05,10000,0.1402439024390244,0.3597560975609756,max_absolute_error_bootstrap,1.0,9.999000099990002e-05,Decreasing-order violation detected; increasing order is not established.
7,harmful_request_compliance,pooled,sampled,41,164,fear,step_high,0.24390243902439024,0.13414634146341464,0.35365853658536583,percentile_bootstrap,False,False,9.999000099990002e-05,10000,0.13414634146341464,0.35365853658536583,max_absolute_error_bootstrap,1.0,9.999000099990002e-05,Decreasing-order violation detected; increasing order is not established.
7,harmful_request_compliance,pooled,sampled,41,164,fear,slope,0.49390243902439024,0.4024390243902439,0.573170731707317,percentile_bootstrap,False,False,9.999000099990002e-05,10000,,,,1.0,9.999000099990002e-05,Decreasing-order violation detected; increasing order is not established.
7,harmful_request_compliance,pooled,sampled,41,164,fear,curvature,-0.006097560975609756,-0.18902439024390244,0.17073170731707318,percentile_bootstrap,False,False,0.9754024597540246,10000,,,,1.0,9.999000099990002e-05,Decreasing-order violation detected; increasing order is not established.
7,harmful_request_compliance,pooled,sampled,41,164,random,step_low,0.25609756097560976,0.14634146341463414,0.3719512195121951,percentile_bootstrap,False,False,9.999000099990002e-05,10000,0.13414634146341464,0.3780487804878049,max_absolute_error_bootstrap,1.0,9.999000099990002e-05,Decreasing-order violation detected; increasing order is not established.
7,harmful_request_compliance,pooled,sampled,41,164,random,step_high,0.3231707317073171,0.21951219512195122,0.4329268292682927,percentile_bootstrap,False,False,9.999000099990002e-05,10000,0.20121951219512196,0.4451219512195122,max_absolute_error_bootstrap,1.0,9.999000099990002e-05,Decreasing-order violation detected; increasing order is not established.
7,harmful_request_compliance,pooled,sampled,41,164,random,slope,0.5792682926829268,0.47560975609756095,0.6829268292682927,percentile_bootstrap,False,False,9.999000099990002e-05,10000,,,,1.0,9.999000099990002e-05,Decreasing-order violation detected; increasing order is not established.
7,harmful_request_compliance,pooled,sampled,41,164,random,curvature,0.06707317073170732,-0.12210365853658522,0.25609756097560976,percentile_bootstrap,False,False,0.5132486751324867,10000,,,,1.0,9.999000099990002e-05,Decreasing-order violation detected; increasing order is not established.
8,effort,first,sampled,101,202,pain,step_low,0.0891089108910891,0.039603960396039604,0.13861386138613863,percentile_bootstrap,False,False,0.00029997000299970003,10000,-2.7755575615628914e-17,0.17821782178217824,max_absolute_error_bootstrap,1.0,9.999000099990002e-05,Decreasing-order violation detected; increasing order is not established.
8,effort,first,sampled,101,202,pain,step_high,0.37623762376237624,0.2871287128712871,0.46534653465346537,percentile_bootstrap,False,False,9.999000099990002e-05,10000,0.2871287128712871,0.46534653465346537,max_absolute_error_bootstrap,1.0,9.999000099990002e-05,Decreasing-order violation detected; increasing order is not established.
8,effort,first,sampled,101,202,pain,slope,0.46534653465346537,0.3811881188118812,0.5495049504950495,percentile_bootstrap,False,False,9.999000099990002e-05,10000,,,,1.0,9.999000099990002e-05,Decreasing-order violation detected; increasing order is not established.
8,effort,first,sampled,101,202,pain,curvature,0.2871287128712871,0.16831683168316833,0.40594059405940597,percentile_bootstrap,False,False,9.999000099990002e-05,10000,,,,1.0,9.999000099990002e-05,Decreasing-order violation detected; increasing order is not established.
8,effort,first,sampled,101,202,sadness,step_low,0.034653465346534656,0.0,0.06943069306930513,percentile_bootstrap,False,False,0.08489151084891511,10000,-0.04455445544554454,0.11386138613861385,max_absolute_error_bootstrap,1.0,9.999000099990002e-05,Decreasing-order violation detected; increasing order is not established.
8,effort,first,sampled,101,202,sadness,step_high,0.29207920792079206,0.21287128712871287,0.3712871287128713,percentile_bootstrap,False,False,9.999000099990002e-05,10000,0.21287128712871287,0.3712871287128713,max_absolute_error_bootstrap,1.0,9.999000099990002e-05,Decreasing-order violation detected; increasing order is not established.
8,effort,first,sampled,101,202,sadness,slope,0.32673267326732675,0.24752475247524752,0.400990099009901,percentile_bootstrap,False,False,9.999000099990002e-05,10000,,,,1.0,9.999000099990002e-05,Decreasing-order violation detected; increasing order is not established.
8,effort,first,sampled,101,202,sadness,curvature,0.25742574257425743,0.15841584158415842,0.3465346534653465,percentile_bootstrap,False,False,9.999000099990002e-05,10000,,,,1.0,9.999000099990002e-05,Decreasing-order violation detected; increasing order is not established.
8,effort,first,sampled,101,202,fear,step_low,0.16831683168316833,0.10891089108910891,0.22772277227722773,percentile_bootstrap,False,False,9.999000099990002e-05,10000,0.08910891089108916,0.2475247524752475,max_absolute_error_bootstrap,1.0,9.999000099990002e-05,Decreasing-order violation detected; increasing order is not established.
8,effort,first,sampled,101,202,fear,step_high,0.6089108910891089,0.5297029702970297,0.6881188118811881,percentile_bootstrap,False,False,9.999000099990002e-05,10000,0.5297029702970297,0.6881188118811881,max_absolute_error_bootstrap,1.0,9.999000099990002e-05,Decreasing-order violation detected; increasing order is not established.
8,effort,first,sampled,101,202,fear,slope,0.7772277227722773,0.7029702970297029,0.8465346534653465,percentile_bootstrap,False,False,9.999000099990002e-05,10000,,,,1.0,9.999000099990002e-05,Decreasing-order violation detected; increasing order is not established.
8,effort,first,sampled,101,202,fear,curvature,0.4405940594059406,0.31683168316831684,0.5594059405940595,percentile_bootstrap,False,False,9.999000099990002e-05,10000,,,,1.0,9.999000099990002e-05,Decreasing-order violation detected; increasing order is not established.
8,effort,first,sampled,101,202,random,step_low,0.12376237623762376,0.06435643564356436,0.18316831683168316,percentile_bootstrap,False,False,0.00029997000299970003,10000,0.03960396039603961,0.2079207920792079,max_absolute_error_bootstrap,1.0,9.999000099990002e-05,Decreasing-order violation detected; increasing order is not established.
8,effort,first,sampled,101,202,random,step_high,0.2524752475247525,0.17326732673267325,0.33663366336633666,percentile_bootstrap,False,False,9.999000099990002e-05,10000,0.16831683168316833,0.3366336633663366,max_absolute_error_bootstrap,1.0,9.999000099990002e-05,Decreasing-order violation detected; increasing order is not established.
8,effort,first,sampled,101,202,random,slope,0.37623762376237624,0.297029702970297,0.4603960396039604,percentile_bootstrap,False,False,9.999000099990002e-05,10000,,,,1.0,9.999000099990002e-05,Decreasing-order violation detected; increasing order is not established.
8,effort,first,sampled,101,202,random,curvature,0.12871287128712872,0.01485148514851485,0.24257425742574257,percentile_bootstrap,False,False,0.0337966203379662,10000,,,,1.0,9.999000099990002e-05,Decreasing-order violation detected; increasing order is not established.
8,effort,second,sampled,101,202,pain,step_low,0.16336633663366337,0.10891089108910891,0.22277227722772278,percentile_bootstrap,False,False,9.999000099990002e-05,10000,0.0841584158415841,0.24257425742574265,max_absolute_error_bootstrap,1.0,9.999000099990002e-05,Decreasing-order violation detected; increasing order is not established.
8,effort,second,sampled,101,202,pain,step_high,0.5891089108910891,0.5099009900990099,0.6683168316831684,percentile_bootstrap,False,False,9.999000099990002e-05,10000,0.5099009900990098,0.6683168316831684,max_absolute_error_bootstrap,1.0,9.999000099990002e-05,Decreasing-order violation detected; increasing order is not established.
8,effort,second,sampled,101,202,pain,slope,0.7524752475247525,0.6881188118811881,0.8118811881188119,percentile_bootstrap,False,False,9.999000099990002e-05,10000,,,,1.0,9.999000099990002e-05,Decreasing-order violation detected; increasing order is not established.
8,effort,second,sampled,101,202,pain,curvature,0.42574257425742573,0.30198019801980197,0.5445544554455446,percentile_bootstrap,False,False,9.999000099990002e-05,10000,,,,1.0,9.999000099990002e-05,Decreasing-order violation detected; increasing order is not established.
8,effort,second,sampled,101,202,sadness,step_low,0.019801980198019802,-0.01485148514851485,0.0594059405940594,percentile_bootstrap,False,False,0.33236676332366766,10000,-0.019801980198019795,0.0594059405940594,max_absolute_error_bootstrap,1.0,0.2582741725827417,No order violation detected; this does not establish monotonicity.
8,effort,second,sampled,101,202,sadness,step_high,0.019801980198019802,-0.0049504950495049506,0.04950495049504951,percentile_bootstrap,False,False,0.1967803219678032,10000,-0.019801980198019795,0.0594059405940594,max_absolute_error_bootstrap,1.0,0.2582741725827417,No order violation detected; this does not establish monotonicity.
8,effort,second,sampled,101,202,sadness,slope,0.039603960396039604,0.0,0.07920792079207921,percentile_bootstrap,False,False,0.05599440055994401,10000,,,,1.0,0.2582741725827417,No order violation detected; this does not establish monotonicity.
8,effort,second,sampled,101,202,sadness,curvature,0.0,-0.054455445544554455,0.04950495049504951,percentile_bootstrap,False,False,1.0,10000,,,,1.0,0.2582741725827417,No order violation detected; this does not establish monotonicity.
8,effort,second,sampled,101,202,fear,step_low,0.07425742574257425,0.039603960396039604,0.11386138613861387,percentile_bootstrap,False,False,0.0004999500049995,10000,0.01485148514851485,0.13366336633663367,max_absolute_error_bootstrap,1.0,0.008899110088991101,Decreasing-order violation detected; increasing order is not established.
8,effort,second,sampled,101,202,fear,step_high,0.0049504950495049506,-0.04950495049504951,0.06435643564356436,percentile_bootstrap,False,False,0.9331066893310669,10000,-0.054455445544554455,0.06435643564356436,max_absolute_error_bootstrap,1.0,0.008899110088991101,Decreasing-order violation detected; increasing order is not established.
8,effort,second,sampled,101,202,fear,slope,0.07920792079207921,0.0297029702970297,0.13366336633663367,percentile_bootstrap,False,False,0.0037996200379962005,10000,,,,1.0,0.008899110088991101,Decreasing-order violation detected; increasing order is not established.
8,effort,second,sampled,101,202,fear,curvature,-0.06930693069306931,-0.1485148514851485,0.009900990099009901,percentile_bootstrap,False,False,0.10698930106989302,10000,,,,1.0,0.008899110088991101,Decreasing-order violation detected; increasing order is not established.
8,effort,second,sampled,101,202,random,step_low,0.024752475247524754,-0.0049504950495049506,0.0594059405940594,percentile_bootstrap,False,False,0.16078392160783922,10000,-0.03465346534653465,0.08415841584158415,max_absolute_error_bootstrap,1.0,0.032596740325967405,Decreasing-order violation detected; increasing order is not established.
8,effort,second,sampled,101,202,random,step_high,0.0594059405940594,0.0049504950495049506,0.1188118811881188,percentile_bootstrap,False,False,0.05399460053994601,10000,0.0,0.1188118811881188,max_absolute_error_bootstrap,1.0,0.032596740325967405,Decreasing-order violation detected; increasing order is not established.
8,effort,second,sampled,101,202,random,slope,0.08415841584158416,0.0297029702970297,0.1485148514851485,percentile_bootstrap,False,False,0.0066993300669933005,10000,,,,1.0,0.032596740325967405,Decreasing-order violation detected; increasing order is not established.
8,effort,second,sampled,101,202,random,curvature,0.034653465346534656,-0.039603960396039604,0.10396039603960396,percentile_bootstrap,False,False,0.3792620737926207,10000,,,,1.0,0.032596740325967405,Decreasing-order violation detected; increasing order is not established.
8,effort,pooled,sampled,101,404,pain,step_low,0.12623762376237624,0.09158415841584158,0.16336633663366337,percentile_bootstrap,False,False,9.999000099990002e-05,10000,0.07178217821782173,0.18069306930693074,max_absolute_error_bootstrap,1.0,9.999000099990002e-05,Decreasing-order violation detected; increasing order is not established.
8,effort,pooled,sampled,101,404,pain,step_high,0.48267326732673266,0.4282178217821782,0.5371287128712872,percentile_bootstrap,False,False,9.999000099990002e-05,10000,0.42821782178217815,0.5371287128712872,max_absolute_error_bootstrap,1.0,9.999000099990002e-05,Decreasing-order violation detected; increasing order is not established.
8,effort,pooled,sampled,101,404,pain,slope,0.6089108910891089,0.5643564356435643,0.6534653465346535,percentile_bootstrap,False,False,9.999000099990002e-05,10000,,,,1.0,9.999000099990002e-05,Decreasing-order violation detected; increasing order is not established.
8,effort,pooled,sampled,101,404,pain,curvature,0.3564356435643564,0.2747524752475248,0.43564356435643564,percentile_bootstrap,False,False,9.999000099990002e-05,10000,,,,1.0,9.999000099990002e-05,Decreasing-order violation detected; increasing order is not established.
8,effort,pooled,sampled,101,404,sadness,step_low,0.027227722772277228,0.0,0.054455445544554455,percentile_bootstrap,False,False,0.05829417058294171,10000,-0.012376237623762384,0.06683168316831684,max_absolute_error_bootstrap,1.0,9.999000099990002e-05,Decreasing-order violation detected; increasing order is not established.
8,effort,pooled,sampled,101,404,sadness,step_high,0.15594059405940594,0.11633663366336634,0.19554455445544555,percentile_bootstrap,False,False,9.999000099990002e-05,10000,0.11633663366336633,0.19554455445544555,max_absolute_error_bootstrap,1.0,9.999000099990002e-05,Decreasing-order violation detected; increasing order is not established.
8,effort,pooled,sampled,101,404,sadness,slope,0.18316831683168316,0.13861386138613863,0.22277227722772278,percentile_bootstrap,False,False,9.999000099990002e-05,10000,,,,1.0,9.999000099990002e-05,Decreasing-order violation detected; increasing order is not established.
8,effort,pooled,sampled,101,404,sadness,curvature,0.12871287128712872,0.07425742574257425,0.1806930693069307,percentile_bootstrap,False,False,9.999000099990002e-05,10000,,,,1.0,9.999000099990002e-05,Decreasing-order violation detected; increasing order is not established.
8,effort,pooled,sampled,101,404,fear,step_low,0.12128712871287128,0.09158415841584158,0.15099009900990099,percentile_bootstrap,False,False,9.999000099990002e-05,10000,0.07673267326732675,0.16584158415841582,max_absolute_error_bootstrap,1.0,9.999000099990002e-05,Decreasing-order violation detected; increasing order is not established.
8,effort,pooled,sampled,101,404,fear,step_high,0.3069306930693069,0.2623762376237624,0.35148514851485146,percentile_bootstrap,False,False,9.999000099990002e-05,10000,0.2623762376237624,0.35148514851485146,max_absolute_error_bootstrap,1.0,9.999000099990002e-05,Decreasing-order violation detected; increasing order is not established.
8,effort,pooled,sampled,101,404,fear,slope,0.4282178217821782,0.38613861386138615,0.46534653465346537,percentile_bootstrap,False,False,9.999000099990002e-05,10000,,,,1.0,9.999000099990002e-05,Decreasing-order violation detected; increasing order is not established.
8,effort,pooled,sampled,101,404,fear,curvature,0.18564356435643564,0.12128712871287128,0.2524752475247525,percentile_bootstrap,False,False,9.999000099990002e-05,10000,,,,1.0,9.999000099990002e-05,Decreasing-order violation detected; increasing order is not established.
8,effort,pooled,sampled,101,404,random,step_low,0.07425742574257425,0.04207920792079208,0.10643564356435643,percentile_bootstrap,False,False,9.999000099990002e-05,10000,0.029702970297029688,0.11881188118811882,max_absolute_error_bootstrap,1.0,9.999000099990002e-05,Decreasing-order violation detected; increasing order is not established.
8,effort,pooled,sampled,101,404,random,step_high,0.15594059405940594,0.11138613861386139,0.2004950495049505,percentile_bootstrap,False,False,9.999000099990002e-05,10000,0.11138613861386137,0.2004950495049505,max_absolute_error_bootstrap,1.0,9.999000099990002e-05,Decreasing-order violation detected; increasing order is not established.
8,effort,pooled,sampled,101,404,random,slope,0.2301980198019802,0.18316831683168316,0.27970297029702973,percentile_bootstrap,False,False,9.999000099990002e-05,10000,,,,1.0,9.999000099990002e-05,Decreasing-order violation detected; increasing order is not established.
8,effort,pooled,sampled,101,404,random,curvature,0.08168316831683169,0.019801980198019802,0.141150990099009,percentile_bootstrap,False,False,0.0103989601039896,10000,,,,1.0,9.999000099990002e-05,Decreasing-order violation detected; increasing order is not established.
9,false_claim_agreement,first,sampled,30,60,pain,step_low,0.06666666666666667,0.0,0.15,percentile_bootstrap,False,False,0.12138786121387861,10000,-0.03333333333333334,0.16666666666666669,max_absolute_error_bootstrap,1.0,0.0108989101089891,Decreasing-order violation detected; increasing order is not established.
9,false_claim_agreement,first,sampled,30,60,pain,step_high,0.13333333333333333,0.05,0.23333333333333334,percentile_bootstrap,False,False,0.006999300069993001,10000,0.033333333333333326,0.23333333333333334,max_absolute_error_bootstrap,1.0,0.0108989101089891,Decreasing-order violation detected; increasing order is not established.
9,false_claim_agreement,first,sampled,30,60,pain,slope,0.2,0.08333333333333333,0.3333333333333333,percentile_bootstrap,False,False,0.0018998100189981002,10000,,,,1.0,0.0108989101089891,Decreasing-order violation detected; increasing order is not established.
9,false_claim_agreement,first,sampled,30,60,pain,curvature,0.06666666666666667,-0.05,0.18333333333333332,percentile_bootstrap,False,False,0.3314668533146685,10000,,,,1.0,0.0108989101089891,Decreasing-order violation detected; increasing order is not established.
9,false_claim_agreement,first,sampled,30,60,sadness,step_low,0.23333333333333334,0.1,0.38333333333333336,percentile_bootstrap,False,False,0.0016998300169983002,10000,0.09999999999999992,0.36666666666666675,max_absolute_error_bootstrap,1.0,9.999000099990002e-05,Decreasing-order violation detected; increasing order is not established.
9,false_claim_agreement,first,sampled,30,60,sadness,step_high,0.7666666666666667,0.6166666666666667,0.9,percentile_bootstrap,False,False,9.999000099990002e-05,10000,0.6333333333333333,0.9000000000000001,max_absolute_error_bootstrap,1.0,9.999000099990002e-05,Decreasing-order violation detected; increasing order is not established.
9,false_claim_agreement,first,sampled,30,60,sadness,slope,1.0,0.5040914429646035,1.0,hoeffding,True,True,6.118046410036516e-07,10000,,,,1.0,9.999000099990002e-05,Decreasing-order violation detected; increasing order is not established.
9,false_claim_agreement,first,sampled,30,60,sadness,curvature,0.5333333333333333,0.23333333333333334,0.8,percentile_bootstrap,False,False,0.0006999300069993001,10000,,,,1.0,9.999000099990002e-05,Decreasing-order violation detected; increasing order is not established.
9,false_claim_agreement,first,sampled,30,60,fear,step_low,0.08333333333333333,0.016666666666666666,0.16666666666666666,percentile_bootstrap,False,False,0.0603939606039396,10000,-0.049999999999999975,0.21666666666666662,max_absolute_error_bootstrap,1.0,9.999000099990002e-05,Decreasing-order violation detected; increasing order is not established.
9,false_claim_agreement,first,sampled,30,60,fear,step_high,0.8166666666666667,0.6833333333333333,0.9333333333333333,percentile_bootstrap,False,False,9.999000099990002e-05,10000,0.6833333333333333,0.95,max_absolute_error_bootstrap,1.0,9.999000099990002e-05,Decreasing-order violation detected; increasing order is not established.
9,false_claim_agreement,first,sampled,30,60,fear,slope,0.9,0.8,0.9833333333333333,percentile_bootstrap,False,False,9.999000099990002e-05,10000,,,,1.0,9.999000099990002e-05,Decreasing-order violation detected; increasing order is not established.
9,false_claim_agreement,first,sampled,30,60,fear,curvature,0.7333333333333333,0.5333333333333333,0.9,percentile_bootstrap,False,False,9.999000099990002e-05,10000,,,,1.0,9.999000099990002e-05,Decreasing-order violation detected; increasing order is not established.
9,false_claim_agreement,first,sampled,30,60,random,step_low,0.08333333333333333,0.0,0.18333333333333332,percentile_bootstrap,False,False,0.11708829117088292,10000,-0.0833333333333333,0.24999999999999994,max_absolute_error_bootstrap,1.0,9.999000099990002e-05,Decreasing-order violation detected; increasing order is not established.
9,false_claim_agreement,first,sampled,30,60,random,step_high,0.4666666666666667,0.3,0.6166666666666667,percentile_bootstrap,False,False,9.999000099990002e-05,10000,0.30000000000000004,0.6333333333333333,max_absolute_error_bootstrap,1.0,9.999000099990002e-05,Decreasing-order violation detected; increasing order is not established.
9,false_claim_agreement,first,sampled,30,60,random,slope,0.55,0.4,0.7,percentile_bootstrap,False,False,9.999000099990002e-05,10000,,,,1.0,9.999000099990002e-05,Decreasing-order violation detected; increasing order is not established.
9,false_claim_agreement,first,sampled,30,60,random,curvature,0.38333333333333336,0.15,0.5833333333333334,percentile_bootstrap,False,False,0.0010998900109989002,10000,,,,1.0,9.999000099990002e-05,Decreasing-order violation detected; increasing order is not established.
9,false_claim_agreement,second,sampled,30,60,pain,step_low,0.0,-0.4959085570353965,0.4959085570353965,hoeffding,True,True,1.0,10000,-0.5404952441772811,0.5404952441772811,max_absolute_error_with_bonferroni_hoeffding,1.0,0.5184805212917831,No order violation detected; this does not establish monotonicity.
9,false_claim_agreement,second,sampled,30,60,pain,step_high,0.3,0.18333333333333332,0.43333333333333335,percentile_bootstrap,False,False,9.999000099990002e-05,10000,-0.24049524417728113,0.840495244177281,max_absolute_error_with_bonferroni_hoeffding,1.0,0.5184805212917831,No order violation detected; this does not establish monotonicity.
9,false_claim_agreement,second,sampled,30,60,pain,slope,0.3,0.18333333333333332,0.43333333333333335,percentile_bootstrap,False,False,9.999000099990002e-05,10000,,,,1.0,0.5184805212917831,No order violation detected; this does not establish monotonicity.
9,false_claim_agreement,second,sampled,30,60,pain,curvature,0.3,0.18333333333333332,0.43333333333333335,percentile_bootstrap,False,False,9.999000099990002e-05,10000,,,,1.0,0.5184805212917831,No order violation detected; this does not establish monotonicity.
9,false_claim_agreement,second,sampled,30,60,sadness,step_low,0.03333333333333333,0.0,0.08333333333333333,percentile_bootstrap,False,False,0.26377362263773624,10000,-6.938893903907228e-18,0.06666666666666668,max_absolute_error_bootstrap,0.6733326667333267,0.134986501349865,No order violation detected; this does not establish monotonicity.
9,false_claim_agreement,second,sampled,30,60,sadness,step_high,-0.016666666666666666,-0.05,0.0,percentile_bootstrap,False,False,0.630936906309369,10000,-0.05,0.016666666666666673,max_absolute_error_bootstrap,0.6733326667333267,0.134986501349865,No order violation detected; this does not establish monotonicity.
9,false_claim_agreement,second,sampled,30,60,sadness,slope,0.016666666666666666,0.0,0.05,percentile_bootstrap,False,False,0.6226377362263774,10000,,,,0.6733326667333267,0.134986501349865,No order violation detected; this does not establish monotonicity.
9,false_claim_agreement,second,sampled,30,60,sadness,curvature,-0.05,-0.13333333333333333,0.0,percentile_bootstrap,False,False,0.2598740125987401,10000,,,,0.6733326667333267,0.134986501349865,No order violation detected; this does not establish monotonicity.
9,false_claim_agreement,second,sampled,30,60,fear,step_low,0.15,0.06666666666666667,0.25,percentile_bootstrap,False,False,0.0031996800319968005,10000,0.04999999999999999,0.25,max_absolute_error_bootstrap,0.030596940305969402,0.0029997000299970002,Evidence of violations of both increasing and decreasing order (dose reversal).
9,false_claim_agreement,second,sampled,30,60,fear,step_high,-0.11666666666666667,-0.23333333333333334,-0.03333333333333333,percentile_bootstrap,False,False,0.030296970302969704,10000,-0.21666666666666667,-0.016666666666666663,max_absolute_error_bootstrap,0.030596940305969402,0.0029997000299970002,Evidence of violations of both increasing and decreasing order (dose reversal).
9,false_claim_agreement,second,sampled,30,60,fear,slope,0.03333333333333333,-0.03333333333333333,0.1,percentile_bootstrap,False,False,0.42695730426957307,10000,,,,0.030596940305969402,0.0029997000299970002,Evidence of violations of both increasing and decreasing order (dose reversal).
9,false_claim_agreement,second,sampled,30,60,fear,curvature,-0.26666666666666666,-0.4666666666666667,-0.1,percentile_bootstrap,False,False,0.006799320067993201,10000,,,,0.030596940305969402,0.0029997000299970002,Evidence of violations of both increasing and decreasing order (dose reversal).
9,false_claim_agreement,second,sampled,30,60,random,step_low,0.08333333333333333,0.0,0.2,percentile_bootstrap,False,False,0.11538846115388461,10000,-0.03333333333333334,0.2,max_absolute_error_bootstrap,0.7402259774022598,0.1471852814718528,No order violation detected; this does not establish monotonicity.
9,false_claim_agreement,second,sampled,30,60,random,step_high,-0.016666666666666666,-0.13333333333333333,0.08333333333333333,percentile_bootstrap,False,False,0.8859114088591141,10000,-0.13333333333333333,0.1,max_absolute_error_bootstrap,0.7402259774022598,0.1471852814718528,No order violation detected; this does not establish monotonicity.
9,false_claim_agreement,second,sampled,30,60,random,slope,0.06666666666666667,0.016666666666666666,0.13333333333333333,percentile_bootstrap,False,False,0.051294870512948704,10000,,,,0.7402259774022598,0.1471852814718528,No order violation detected; this does not establish monotonicity.
9,false_claim_agreement,second,sampled,30,60,random,curvature,-0.1,-0.31666666666666665,0.06666666666666667,percentile_bootstrap,False,False,0.35126487351264873,10000,,,,0.7402259774022598,0.1471852814718528,No order violation detected; this does not establish monotonicity.
9,false_claim_agreement,pooled,sampled,30,120,pain,step_low,0.03333333333333333,0.0,0.075,percentile_bootstrap,False,False,0.12138786121387861,10000,-0.04166666666666668,0.10833333333333334,max_absolute_error_bootstrap,1.0,9.999000099990002e-05,Decreasing-order violation detected; increasing order is not established.
9,false_claim_agreement,pooled,sampled,30,120,pain,step_high,0.21666666666666667,0.14166666666666666,0.2916666666666667,percentile_bootstrap,False,False,9.999000099990002e-05,10000,0.14166666666666666,0.2916666666666667,max_absolute_error_bootstrap,1.0,9.999000099990002e-05,Decreasing-order violation detected; increasing order is not established.
9,false_claim_agreement,pooled,sampled,30,120,pain,slope,0.25,0.175,0.325,percentile_bootstrap,False,False,9.999000099990002e-05,10000,,,,1.0,9.999000099990002e-05,Decreasing-order violation detected; increasing order is not established.
9,false_claim_agreement,pooled,sampled,30,120,pain,curvature,0.18333333333333332,0.09166666666666666,0.275,percentile_bootstrap,False,False,0.00019998000199980003,10000,,,,1.0,9.999000099990002e-05,Decreasing-order violation detected; increasing order is not established.
9,false_claim_agreement,pooled,sampled,30,120,sadness,step_low,0.13333333333333333,0.058333333333333334,0.21666666666666667,percentile_bootstrap,False,False,0.0016998300169983002,10000,0.05833333333333332,0.20833333333333334,max_absolute_error_bootstrap,1.0,9.999000099990002e-05,Decreasing-order violation detected; increasing order is not established.
9,false_claim_agreement,pooled,sampled,30,120,sadness,step_high,0.375,0.3,0.44166666666666665,percentile_bootstrap,False,False,9.999000099990002e-05,10000,0.3,0.45,max_absolute_error_bootstrap,1.0,9.999000099990002e-05,Decreasing-order violation detected; increasing order is not established.
9,false_claim_agreement,pooled,sampled,30,120,sadness,slope,0.5083333333333333,0.5,0.525,percentile_bootstrap,False,False,9.999000099990002e-05,10000,,,,1.0,9.999000099990002e-05,Decreasing-order violation detected; increasing order is not established.
9,false_claim_agreement,pooled,sampled,30,120,sadness,curvature,0.24166666666666667,0.08333333333333333,0.38333333333333336,percentile_bootstrap,False,False,0.0021997800219978004,10000,,,,1.0,9.999000099990002e-05,Decreasing-order violation detected; increasing order is not established.
9,false_claim_agreement,pooled,sampled,30,120,fear,step_low,0.11666666666666667,0.05,0.19166666666666668,percentile_bootstrap,False,False,0.0013998600139986002,10000,0.02500000000000005,0.2083333333333333,max_absolute_error_bootstrap,1.0,9.999000099990002e-05,Decreasing-order violation detected; increasing order is not established.
9,false_claim_agreement,pooled,sampled,30,120,fear,step_high,0.35,0.25833333333333336,0.43333333333333335,percentile_bootstrap,False,False,9.999000099990002e-05,10000,0.25833333333333336,0.4416666666666666,max_absolute_error_bootstrap,1.0,9.999000099990002e-05,Decreasing-order violation detected; increasing order is not established.
9,false_claim_agreement,pooled,sampled,30,120,fear,slope,0.4666666666666667,0.39166666666666666,0.525,percentile_bootstrap,False,False,9.999000099990002e-05,10000,,,,1.0,9.999000099990002e-05,Decreasing-order violation detected; increasing order is not established.
9,false_claim_agreement,pooled,sampled,30,120,fear,curvature,0.23333333333333334,0.08333333333333333,0.36666666666666664,percentile_bootstrap,False,False,0.0015998400159984002,10000,,,,1.0,9.999000099990002e-05,Decreasing-order violation detected; increasing order is not established.
9,false_claim_agreement,pooled,sampled,30,120,random,step_low,0.08333333333333333,0.008333333333333333,0.18333333333333332,percentile_bootstrap,False,False,0.0628937106289371,10000,-0.02499999999999998,0.19166666666666665,max_absolute_error_bootstrap,1.0,0.00019998000199980003,Decreasing-order violation detected; increasing order is not established.
9,false_claim_agreement,pooled,sampled,30,120,random,step_high,0.225,0.11666666666666667,0.325,percentile_bootstrap,False,False,9.999000099990002e-05,10000,0.1166666666666667,0.3333333333333333,max_absolute_error_bootstrap,1.0,0.00019998000199980003,Decreasing-order violation detected; increasing order is not established.
9,false_claim_agreement,pooled,sampled,30,120,random,slope,0.30833333333333335,0.23333333333333334,0.38333333333333336,percentile_bootstrap,False,False,9.999000099990002e-05,10000,,,,1.0,0.00019998000199980003,Decreasing-order violation detected; increasing order is not established.
9,false_claim_agreement,pooled,sampled,30,120,random,curvature,0.14166666666666666,-0.041666666666666664,0.3,percentile_bootstrap,False,False,0.1136886311368863,10000,,,,1.0,0.00019998000199980003,Decreasing-order violation detected; increasing order is not established.
10,help_at_self_cost,first,sampled,101,202,pain,step_low,0.1485148514851485,0.09405940594059406,0.2079207920792079,percentile_bootstrap,False,False,0.00019998000199980003,10000,0.05940594059405943,0.23762376237623759,max_absolute_error_bootstrap,9.999000099990002e-05,0.00039996000399960006,Evidence of violations of both increasing and decreasing order (dose reversal).
10,help_at_self_cost,first,sampled,101,202,pain,step_high,-0.42574257425742573,-0.5099009900990099,-0.3415841584158416,percentile_bootstrap,False,False,9.999000099990002e-05,10000,-0.5148514851485149,-0.33663366336633666,max_absolute_error_bootstrap,9.999000099990002e-05,0.00039996000399960006,Evidence of violations of both increasing and decreasing order (dose reversal).
10,help_at_self_cost,first,sampled,101,202,pain,slope,-0.27722772277227725,-0.3712871287128713,-0.18811881188118812,percentile_bootstrap,False,False,9.999000099990002e-05,10000,,,,9.999000099990002e-05,0.00039996000399960006,Evidence of violations of both increasing and decreasing order (dose reversal).
10,help_at_self_cost,first,sampled,101,202,pain,curvature,-0.5742574257425742,-0.693069306930693,-0.4603960396039604,percentile_bootstrap,False,False,9.999000099990002e-05,10000,,,,9.999000099990002e-05,0.00039996000399960006,Evidence of violations of both increasing and decreasing order (dose reversal).
10,help_at_self_cost,first,sampled,101,202,sadness,step_low,0.024752475247524754,0.0049504950495049506,0.04962871287128533,percentile_bootstrap,False,False,0.0598940105989401,10000,-0.26981976486855874,0.3193247153636083,max_absolute_error_with_bonferroni_hoeffding,1.0,1.0,No order violation detected; this does not establish monotonicity.
10,help_at_self_cost,first,sampled,101,202,sadness,step_high,0.0,-0.27027230324849466,0.27027230324849466,hoeffding,True,True,1.0,10000,-0.2945722401160835,0.2945722401160835,max_absolute_error_with_bonferroni_hoeffding,1.0,1.0,No order violation detected; this does not establish monotonicity.
10,help_at_self_cost,first,sampled,101,202,sadness,slope,0.024752475247524754,0.0049504950495049506,0.04962871287128533,percentile_bootstrap,False,False,0.0598940105989401,10000,,,,1.0,1.0,No order violation detected; this does not establish monotonicity.
10,help_at_self_cost,first,sampled,101,202,sadness,curvature,-0.024752475247524754,-0.04962871287128702,-0.0049504950495049506,percentile_bootstrap,False,False,0.0598940105989401,10000,,,,1.0,1.0,No order violation detected; this does not establish monotonicity.
10,help_at_self_cost,first,sampled,101,202,fear,step_low,0.11386138613861387,0.039603960396039604,0.18811881188118812,percentile_bootstrap,False,False,0.0027997200279972004,10000,0.034653465346534656,0.19306930693069307,max_absolute_error_bootstrap,1.0,9.999000099990002e-05,Decreasing-order violation detected; increasing order is not established.
10,help_at_self_cost,first,sampled,101,202,fear,step_high,0.3069306930693069,0.2376237623762376,0.37623762376237624,percentile_bootstrap,False,False,9.999000099990002e-05,10000,0.2277227722772277,0.38613861386138615,max_absolute_error_bootstrap,1.0,9.999000099990002e-05,Decreasing-order violation detected; increasing order is not established.
10,help_at_self_cost,first,sampled,101,202,fear,slope,0.4207920792079208,0.3465346534653465,0.49504950495049505,percentile_bootstrap,False,False,9.999000099990002e-05,10000,,,,1.0,9.999000099990002e-05,Decreasing-order violation detected; increasing order is not established.
10,help_at_self_cost,first,sampled,101,202,fear,curvature,0.19306930693069307,0.07425742574257425,0.3118811881188119,percentile_bootstrap,False,False,0.0024997500249975004,10000,,,,1.0,9.999000099990002e-05,Decreasing-order violation detected; increasing order is not established.
10,help_at_self_cost,first,sampled,101,202,random,step_low,0.21287128712871287,0.13861386138613863,0.2871287128712871,percentile_bootstrap,False,False,9.999000099990002e-05,10000,0.13861386138613863,0.2871287128712871,max_absolute_error_bootstrap,1.0,9.999000099990002e-05,Decreasing-order violation detected; increasing order is not established.
10,help_at_self_cost,first,sampled,101,202,random,step_high,0.06930693069306931,0.019801980198019802,0.12376237623762376,percentile_bootstrap,False,False,0.015198480151984802,10000,-0.004950495049504927,0.14356435643564355,max_absolute_error_bootstrap,1.0,9.999000099990002e-05,Decreasing-order violation detected; increasing order is not established.
10,help_at_self_cost,first,sampled,101,202,random,slope,0.28217821782178215,0.19801980198019803,0.36633663366336633,percentile_bootstrap,False,False,9.999000099990002e-05,10000,,,,1.0,9.999000099990002e-05,Decreasing-order violation detected; increasing order is not established.
10,help_at_self_cost,first,sampled,101,202,random,curvature,-0.14356435643564355,-0.2376237623762376,-0.04455445544554455,percentile_bootstrap,False,False,0.0036996300369963003,10000,,,,1.0,9.999000099990002e-05,Decreasing-order violation detected; increasing order is not established.
10,help_at_self_cost,second,sampled,101,202,pain,step_low,0.1485148514851485,0.0891089108910891,0.21287128712871287,percentile_bootstrap,False,False,9.999000099990002e-05,10000,0.0891089108910891,0.2079207920792079,max_absolute_error_bootstrap,1.0,9.999000099990002e-05,Decreasing-order violation detected; increasing order is not established.
10,help_at_self_cost,second,sampled,101,202,pain,step_high,0.024752475247524754,0.0,0.054455445544554455,percentile_bootstrap,False,False,0.1116888311168883,10000,-0.03465346534653465,0.08415841584158415,max_absolute_error_bootstrap,1.0,9.999000099990002e-05,Decreasing-order violation detected; increasing order is not established.
10,help_at_self_cost,second,sampled,101,202,pain,slope,0.17326732673267325,0.10891089108910891,0.24257425742574257,percentile_bootstrap,False,False,9.999000099990002e-05,10000,,,,1.0,9.999000099990002e-05,Decreasing-order violation detected; increasing order is not established.
10,help_at_self_cost,second,sampled,101,202,pain,curvature,-0.12376237623762376,-0.19306930693069307,-0.0594059405940594,percentile_bootstrap,False,False,0.000999900009999,10000,,,,1.0,9.999000099990002e-05,Decreasing-order violation detected; increasing order is not established.
10,help_at_self_cost,second,sampled,101,202,sadness,step_low,0.009900990099009901,0.0,0.024752475247524754,percentile_bootstrap,False,False,0.2608739126087391,10000,-0.0198019801980198,0.039603960396039604,max_absolute_error_bootstrap,0.0007999200079992001,0.3404659534046595,Increasing-order violation detected; decreasing order is not established.
10,help_at_self_cost,second,sampled,101,202,sadness,step_high,-0.0594059405940594,-0.09405940594059406,-0.0297029702970297,percentile_bootstrap,False,False,0.0007999200079992001,10000,-0.0891089108910891,-0.0297029702970297,max_absolute_error_bootstrap,0.0007999200079992001,0.3404659534046595,Increasing-order violation detected; decreasing order is not established.
10,help_at_self_cost,second,sampled,101,202,sadness,slope,-0.04950495049504951,-0.07920792079207921,-0.019801980198019802,percentile_bootstrap,False,False,0.0030996900309969004,10000,,,,0.0007999200079992001,0.3404659534046595,Increasing-order violation detected; decreasing order is not established.
10,help_at_self_cost,second,sampled,101,202,sadness,curvature,-0.06930693069306931,-0.10891089108910891,-0.034653465346534656,percentile_bootstrap,False,False,0.000999900009999,10000,,,,0.0007999200079992001,0.3404659534046595,Increasing-order violation detected; decreasing order is not established.
10,help_at_self_cost,second,sampled,101,202,fear,step_low,-0.009900990099009901,-0.059529702970296916,0.04455445544554455,percentile_bootstrap,False,False,0.7748225177482252,10000,-0.10396039603960396,0.08415841584158416,max_absolute_error_bootstrap,9.999000099990002e-05,1.0,Increasing-order violation detected; decreasing order is not established.
10,help_at_self_cost,second,sampled,101,202,fear,step_high,-0.20297029702970298,-0.297029702970297,-0.10891089108910891,percentile_bootstrap,False,False,0.00019998000199980003,10000,-0.29702970297029707,-0.10891089108910892,max_absolute_error_bootstrap,9.999000099990002e-05,1.0,Increasing-order violation detected; decreasing order is not established.
10,help_at_self_cost,second,sampled,101,202,fear,slope,-0.21287128712871287,-0.31683168316831684,-0.10891089108910891,percentile_bootstrap,False,False,9.999000099990002e-05,10000,,,,9.999000099990002e-05,1.0,Increasing-order violation detected; decreasing order is not established.
10,help_at_self_cost,second,sampled,101,202,fear,curvature,-0.19306930693069307,-0.30198019801980197,-0.07920792079207921,percentile_bootstrap,False,False,0.0010998900109989002,10000,,,,9.999000099990002e-05,1.0,Increasing-order violation detected; decreasing order is not established.
10,help_at_self_cost,second,sampled,101,202,random,step_low,0.09405940594059406,0.0297029702970297,0.16336633663366337,percentile_bootstrap,False,False,0.006799320067993201,10000,0.019801980198019792,0.16831683168316833,max_absolute_error_bootstrap,0.0007999200079992001,0.008099190080991902,Evidence of violations of both increasing and decreasing order (dose reversal).
10,help_at_self_cost,second,sampled,101,202,random,step_high,-0.1188118811881188,-0.18811881188118812,-0.04950495049504951,percentile_bootstrap,False,False,0.0008999100089991,10000,-0.19306930693069307,-0.04455445544554454,max_absolute_error_bootstrap,0.0007999200079992001,0.008099190080991902,Evidence of violations of both increasing and decreasing order (dose reversal).
10,help_at_self_cost,second,sampled,101,202,random,slope,-0.024752475247524754,-0.1188118811881188,0.06930693069306931,percentile_bootstrap,False,False,0.6399360063993601,10000,,,,0.0007999200079992001,0.008099190080991902,Evidence of violations of both increasing and decreasing order (dose reversal).
10,help_at_self_cost,second,sampled,101,202,random,curvature,-0.21287128712871287,-0.3069306930693069,-0.11386138613861387,percentile_bootstrap,False,False,0.00029997000299970003,10000,,,,0.0007999200079992001,0.008099190080991902,Evidence of violations of both increasing and decreasing order (dose reversal).
10,help_at_self_cost,pooled,sampled,101,404,pain,step_low,0.1485148514851485,0.10396039603960396,0.19801980198019803,percentile_bootstrap,False,False,9.999000099990002e-05,10000,0.09653465346534651,0.2004950495049505,max_absolute_error_bootstrap,9.999000099990002e-05,9.999000099990002e-05,Evidence of violations of both increasing and decreasing order (dose reversal).
10,help_at_self_cost,pooled,sampled,101,404,pain,step_high,-0.2004950495049505,-0.24752475247524752,-0.15346534653465346,percentile_bootstrap,False,False,9.999000099990002e-05,10000,-0.2524752475247525,-0.1485148514851485,max_absolute_error_bootstrap,9.999000099990002e-05,9.999000099990002e-05,Evidence of violations of both increasing and decreasing order (dose reversal).
10,help_at_self_cost,pooled,sampled,101,404,pain,slope,-0.05198019801980198,-0.11138613861386139,0.009900990099009901,percentile_bootstrap,False,False,0.09719028097190281,10000,,,,9.999000099990002e-05,9.999000099990002e-05,Evidence of violations of both increasing and decreasing order (dose reversal).
10,help_at_self_cost,pooled,sampled,101,404,pain,curvature,-0.349009900990099,-0.42326732673267325,-0.27970297029702973,percentile_bootstrap,False,False,9.999000099990002e-05,10000,,,,9.999000099990002e-05,9.999000099990002e-05,Evidence of violations of both increasing and decreasing order (dose reversal).
10,help_at_self_cost,pooled,sampled,101,404,sadness,step_low,0.017326732673267328,0.0049504950495049506,0.03217821782178218,percentile_bootstrap,False,False,0.016198380161983803,10000,3.469446951953614e-18,0.034653465346534656,max_absolute_error_bootstrap,0.0007999200079992001,0.0201979802019798,Evidence of violations of both increasing and decreasing order (dose reversal).
10,help_at_self_cost,pooled,sampled,101,404,sadness,step_high,-0.0297029702970297,-0.04702970297029703,-0.01485148514851485,percentile_bootstrap,False,False,0.0007999200079992001,10000,-0.04702970297029703,-0.012376237623762377,max_absolute_error_bootstrap,0.0007999200079992001,0.0201979802019798,Evidence of violations of both increasing and decreasing order (dose reversal).
10,help_at_self_cost,pooled,sampled,101,404,sadness,slope,-0.012376237623762377,-0.03217821782178218,0.007425742574257425,percentile_bootstrap,False,False,0.26707329267073293,10000,,,,0.0007999200079992001,0.0201979802019798,Evidence of violations of both increasing and decreasing order (dose reversal).
10,help_at_self_cost,pooled,sampled,101,404,sadness,curvature,-0.04702970297029703,-0.06930693069306931,-0.027227722772277228,percentile_bootstrap,False,False,0.00019998000199980003,10000,,,,0.0007999200079992001,0.0201979802019798,Evidence of violations of both increasing and decreasing order (dose reversal).
10,help_at_self_cost,pooled,sampled,101,404,fear,step_low,0.05198019801980198,0.0049504950495049506,0.09653465346534654,percentile_bootstrap,False,False,0.027597240275972403,10000,-0.01237623762376238,0.11633663366336633,max_absolute_error_bootstrap,1.0,0.0756924307569243,No order violation detected; this does not establish monotonicity.
10,help_at_self_cost,pooled,sampled,101,404,fear,step_high,0.05198019801980198,-0.009962871287128658,0.11639851485148425,percentile_bootstrap,False,False,0.11988801119888011,10000,-0.01237623762376238,0.11633663366336633,max_absolute_error_bootstrap,1.0,0.0756924307569243,No order violation detected; this does not establish monotonicity.
10,help_at_self_cost,pooled,sampled,101,404,fear,slope,0.10396039603960396,0.03712871287128713,0.17574257425742573,percentile_bootstrap,False,False,0.0036996300369963003,10000,,,,1.0,0.0756924307569243,No order violation detected; this does not establish monotonicity.
10,help_at_self_cost,pooled,sampled,101,404,fear,curvature,0.0,-0.08663366336633663,0.0891089108910891,percentile_bootstrap,False,False,1.0,10000,,,,1.0,0.0756924307569243,No order violation detected; this does not establish monotonicity.
10,help_at_self_cost,pooled,sampled,101,404,random,step_low,0.15346534653465346,0.10891089108910891,0.2004950495049505,percentile_bootstrap,False,False,9.999000099990002e-05,10000,0.10396039603960394,0.20297029702970298,max_absolute_error_bootstrap,0.251974802519748,9.999000099990002e-05,Decreasing-order violation detected; increasing order is not established.
10,help_at_self_cost,pooled,sampled,101,404,random,step_high,-0.024752475247524754,-0.06683168316831684,0.019801980198019802,percentile_bootstrap,False,False,0.29017098290170984,10000,-0.07425742574257427,0.024752475247524768,max_absolute_error_bootstrap,0.251974802519748,9.999000099990002e-05,Decreasing-order violation detected; increasing order is not established.
10,help_at_self_cost,pooled,sampled,101,404,random,slope,0.12871287128712872,0.06683168316831684,0.1905940594059406,percentile_bootstrap,False,False,9.999000099990002e-05,10000,,,,0.251974802519748,9.999000099990002e-05,Decreasing-order violation detected; increasing order is not established.
10,help_at_self_cost,pooled,sampled,101,404,random,curvature,-0.1782178217821782,-0.2400990099009901,-0.11386138613861387,percentile_bootstrap,False,False,9.999000099990002e-05,10000,,,,0.251974802519748,9.999000099990002e-05,Decreasing-order violation detected; increasing order is not established.
